sheet,categoria,score,nome_azienda,telefono,regione,citta,sito_web,instagram,linkedin,email
TEST-2026-04-29,Ottimale,90.0,Costruzioni Rossi Srl,+39 055 123456,Toscana,Firenze,www.rossicostruzioni.it,,,
TEST-2026-04-29,Alto,65.0,Edilizia Bianchi,+39 051 654321,Emilia-Romagna,Bologna,,,,
2026-04-28,Ottimale,100,AT Servizi - Impresa edile ristrutturazioni casa firenze,339 544 6417,Toscana,Firenze,http://www.atservizi.eu/,,,
2026-04-28,Ottimale,100,RISTRUTTURAZIONI FIRENZE GMA SRL,055 013 1722,Toscana,Firenze,https://www.gmaedile.it/,,,
2026-04-28,Ottimale,100,Edil TB – Impresa Edile e Ristrutturazioni a Firenze,345 214 8015,Toscana,Firenze,https://ediltb.it/,https://www.instagram.com/edil.tb,,
2026-04-28,Ottimale,100,Impresa Edile Firenze - Edil Idraulica Srls,331 750 0272,Toscana,Firenze,https://www.edilidraulicasrls.it/,,,
2026-04-28,Ottimale,100,LF Impresa Edile di Lama Fatjon,055 389 3230,Toscana,Firenze,https://www.impresaedilelf.it/,,,
2026-04-28,Ottimale,100,Edil Bullari - Impresa Edile,328 458 4134,Toscana,Firenze,https://www.edilbullari.com/,,,
2026-04-28,Ottimale,100,MG Eurocostruzioni,327 042 3644,Toscana,Firenze,https://www.mgeurocostruzioni.it/,,,
2026-04-28,Ottimale,100,Gruppo Zenith | Ristrutturazioni Chiavi in mano,055 010 8794,Toscana,Firenze,https://www.gruppozenithome.com/,https://www.instagram.com/gruppo_zenith_home,https://www.linkedin.com/company/gruppo-zenith,
2026-04-28,Ottimale,100,GEMI edilizia & impianti,333 577 5895,Toscana,Firenze,http://www.gemiediliziaimpianti.it/,,,
2026-04-28,Ottimale,100,Gavilli Impianti Elettrici e Tecnologici,328 874 2244,Toscana,Firenze,http://www.gavilli-impianti.it/,https://www.instagram.com/gavilli_impianti,,
2026-04-28,Ottimale,100,F.A. Elettric Srl - Impianti Elettrici Firenze,055 010 7881,Toscana,Firenze,https://www.faelettric.it/,,,
2026-04-28,Ottimale,100,Tecnika Firenze | Progettazione & Design - Consulenza Immobiliare - Ristrutturazioni,055 538 7458,Toscana,Firenze,https://tecnikafirenze.it/,https://www.instagram.com/tecnika_firenze,https://www.linkedin.com/company/tecnikafirenze,
2026-04-28,Ottimale,100,DNA TecnoServizi & Ristrutturazioni,06 9604 0202,Toscana,Firenze,http://www.dnatecnoservizi.it/,,,
2026-04-28,Ottimale,90,Impresa edile Moretti Fabio SRL,335 819 3862,Toscana,Firenze,https://impresaedilemorettifabio.it/,,,
2026-04-28,Ottimale,90,MAC SERVICE COSTRUZIONI,055 098 4493,Toscana,Firenze,https://macservicecostruzioni.it/,https://www.instagram.com/mac_service_costruzioni,,
2026-04-28,Ottimale,90,Edilselmani Impresa Edile,333 523 4123,Toscana,Firenze,https://impresaedileselmani.it/,https://www.instagram.com/impresaselmani,,
2026-04-28,Ottimale,90,Toscana Costruzioni Srl,327 869 4000,Toscana,Firenze,https://toscanacostruzioni.com/,,,
2026-04-28,Ottimale,90,DFC Edilizia 360,327 206 2990,Toscana,Firenze,https://www.facebook.com/DFC-Edilizia-360-113061420828516/?ref=page_internal,,,
2026-04-28,Ottimale,90,Fiorentina Costruzioni Srl,055 432712,Toscana,Firenze,https://www.fiorentinacostruzioni.it/,,,
2026-04-28,Ottimale,90,Sufa Costruzioni S.n.c.,055 010 7382,Toscana,Firenze,http://www.sufacostruzioni.it/,,,
2026-04-28,Ottimale,90,EDIL STORE SRL Edilizia Avanzata e Servizi Integrati - STAFFERIA PER CANTIERE,055 783290,Toscana,Firenze,http://www.edilstore.eu/,,,
2026-04-28,Ottimale,90,Costruzioni MCM,339 750 6945,Toscana,Firenze,https://644259450aa5c.site123.me/,,,
2026-04-28,Ottimale,90,Braconi Costruzioni S.R.L.,055 899 8219,Toscana,Firenze,http://www.braconicostruzioni.it/,,,
2026-04-28,Ottimale,85,ImpresaEdile360 sas,,Toscana,Firenze,https://impresaedile360.it/,,,
2026-04-28,Ottimale,85,Tuscan Creative Interior,055 659 3542,Toscana,Firenze,https://www.tuscancreative.it/it/home/,https://www.instagram.com/tuscancreative_interiordesign,,
2026-04-28,Ottimale,85,MP immobiliare srl,335 662 8812,Toscana,Firenze,http://www.gruppompcostruzioni.it/,,,
2026-04-28,Ottimale,85,ITF Srl,055 936 2950,Toscana,Firenze,http://www.itfsrl.it/,https://www.instagram.com/itfsrl,,
2026-04-28,Ottimale,85,Socci Andrea - New Energy Solution,055 933 4467,Toscana,Firenze,https://www.newenergysolution.it/servizi/,,,
2026-04-28,Ottimale,85,Intec S.r.l.,055 422 0023,Toscana,Firenze,https://www.intecsrl.info/,,,
2026-04-28,Ottimale,85,BRACCINI & CARDINI S.R.L.,055 433718,Toscana,Firenze,http://impiantieprogetti.net/,,,
2026-04-28,Ottimale,85,Idraulico Salvatore Firenze - Pronto Intervento 24 H,389 129 1878,Toscana,Firenze,https://www.salvatoreidraulicofirenze.com/,,,
2026-04-28,Ottimale,85,ELETTRICISTA BS FIRENZE 24ORE,338 635 0621,Toscana,Firenze,http://www.elettricistabsfirenze.it/,,,
2026-04-28,Ottimale,80,Impresa Edile Edil-Ricciardi,055 328 9178,Toscana,Firenze,http://www.impresaedilericciardi.it/,,,
2026-04-28,Ottimale,80,Firenze Ristrutturazioni,340 488 6898,Toscana,Firenze,http://www.firenzeristrutturazioni.it/,https://www.instagram.com/architetto_vincenzo_bennardi,,
2026-04-28,Ottimale,80,Martin Costruzioni Edili,327 869 3934,Toscana,Firenze,https://costruzioniedilimartin.it/,,,
2026-04-28,Ottimale,80,CRV Edilizia,055 611089,Toscana,Firenze,http://www.crvedilizia.it/,https://www.instagram.com/crvediliziafirenze,,
2026-04-28,Ottimale,80,BONANNO F.LLI Costruzioni Edili Srl,055 785426,Toscana,Firenze,http://www.bonannoflli.it/,,,
2026-04-28,Ottimale,80,Italkostruzioni - Progettazione & Ristrutturazioni Edilizie,329 183 8630,Toscana,Firenze,https://ybcostruzioni.it/,,,
2026-04-28,Ottimale,80,La Marmora Costruzioni S.r.l.,331 307 1604,Toscana,Firenze,http://www.lamarmoracostruzioni.it/,,,
2026-04-28,Ottimale,80,Impresa Edile Kastriot,340 412 0076,Toscana,Firenze,https://www.impresaedilekastriot.it/,https://www.instagram.com/explore,,
2026-04-28,Ottimale,80,ecostrutture s.r.l. - general contractor / impresa edile / ristrutturazioni / case ecologiche / muratore,388 347 5228,Toscana,Firenze,https://www.ecostrutturesrl.com/,,,
2026-04-28,Ottimale,80,Impresa Edile Martelli Giuliano,055 535 4570,Toscana,Firenze,https://www.martelligiuliano.it/,,,
2026-04-28,Ottimale,80,studio Ar.Co. impresa edile,055 535 1601,Toscana,Firenze,http://www.arcoimpresaedile.it/,,,
2026-04-28,Ottimale,80,Tosca Srl-Edilizia-Impianti-General Contractor,055 612 1290,Toscana,Firenze,https://www.toscacostruzioni.it/,,,
2026-04-28,Ottimale,80,MK Restauri e Costruzioni Edili,331 438 2462,Toscana,Firenze,http://mkedilizia.com/,https://www.instagram.com/mk_costruzioni,,
2026-04-28,Ottimale,80,HRC Costruzioni,347 032 8636,Toscana,Firenze,https://www.hrc-costruzioni.it/,,,
2026-04-28,Ottimale,80,Emmeeffe Costruzioni Srl,055 200 8900,Toscana,Firenze,http://www.emmeeffecostruzioni.it/,,,
2026-04-28,Ottimale,80,Gis Firenze Impianti Elettrici,055 680 2625,Toscana,Firenze,https://www.gisfirenzeimpiantielettrici.com/,,,
2026-04-28,Ottimale,80,CREA Srl General Contractor Ristrutturazioni,055 986 8185,Toscana,Firenze,http://www.crea.srl/,,,
2026-04-28,Ottimale,80,Giusti Costruzioni Srl,055 895 3556,Toscana,Firenze,http://www.giusticostruzioni.it/,,,
2026-04-28,Ottimale,80,Edilizia Alternativa,800 035 181,Toscana,Firenze,https://edilizialternativa.it/,https://www.instagram.com/edilizialternativa,https://www.linkedin.com/company/edilizia-alternativa,
2026-04-28,Ottimale,80,BL Ristrutturazioni,338 286 9333,Toscana,Firenze,http://blristrutturazioni.it/,,,
2026-04-28,Ottimale,80,Ciacci Restauri e Costuzioni impresa edile,347 856 8578,Toscana,Firenze,https://www.impresaedileciaccirestauri.it/,,,
2026-04-28,Ottimale,75,ARTECASA S.R.L.,333 316 0772,Toscana,Firenze,https://www.artecasadirizzo.it/,,,
2026-04-28,Ottimale,75,Iris Costruzioni S.R.L.,055 246 6242,Toscana,Firenze,http://www.iriscostruzioni.it/,,,
2026-04-28,Alto,70,La Firenze Lavori Srl,055 897 9061,Toscana,Firenze,http://www.lafirenzelavori.it/,https://www.instagram.com/firenzelavori,https://www.linkedin.com/company/firenze-lavori,
2026-04-28,Alto,65,Edil Standard S.r.l.s,353 447 4823,Toscana,Firenze,http://www.edilstandardtoscana.com/,,,
2026-04-28,Alto,65,Leonardo Edil,353 394 3897,Toscana,Firenze,https://leonardoedil.com/,,,
2026-04-28,Alto,65,Edil Somigli Srl,055 682 1233,Toscana,Firenze,http://www.edilsomigli.com/,,,
2026-04-28,Alto,65,SESE Srl,055 553 5306,Toscana,Firenze,http://www.sese.it/,https://instagram.com/sesedilizia,,
2026-04-28,Alto,65,Moresi Edilimmobili Srl,335 404 801,Toscana,Firenze,http://moresiedilimmobili.it/,,,
2026-04-28,Alto,65,Eredi Di E. Capecchi Srl,055 422 3438,Toscana,Firenze,https://www.eredicapecchi.it/?utm_source=google&utm_medium=organic&utm_campaign=gbp,,,
2026-04-28,Alto,65,Iniziative Edili S.r.l.,055 718 9225,Toscana,Firenze,http://www.cacciamani.it/,,https://www.linkedin.com/in/marzio-cacciamani-8b1b9743,
2026-04-28,Alto,65,F.G. Costruzione e Restauro,333 481 0587,Toscana,Firenze,https://www.fgcostruzionerestauro.com/,,,
2026-04-28,Alto,65,Querci G&G Termoidraulica Idraulico Climatizzazione Solare Termico,339 723 2023,Toscana,Firenze,,,,
2026-04-28,Alto,65,Fratelli Restauri,329 589 3200,Toscana,Firenze,https://www.fratellirestauri.it/,,,
2026-04-28,Alto,65,Edil D’Oro & Figlio srl,368 685 454,Toscana,Firenze,https://edildoroefiglio.com/,https://www.instagram.com/edil.doro,,
2026-04-28,Alto,65,Edil Vassallo,345 231 6016,Toscana,Firenze,https://www.edilvassallo.it/,,,
2026-04-28,Alto,65,Figli Di Augusto Lorenzini Srl,055 552 2855,Toscana,Firenze,http://www.lorenzinispa.it/,,,
2026-04-28,Alto,65,Erti Restauri Edili,320 305 2786,Toscana,Firenze,https://www.ertiimmobiliareerestaurisrl.com/,,,
2026-04-28,Alto,65,EdilBonaccorso srl,055 880 1917,Toscana,Firenze,http://www.edilbonaccorso.it/,,,
2026-04-28,Alto,65,Zenit Soluzioni Edili,389 888 3634,Toscana,Firenze,https://www.zenitsoluzioni.it/,https://www.instagram.com/zenit__soluzioni,,
2026-04-28,Alto,65,Edilcapezzuoli s.r.l.,055 715728,Toscana,Firenze,http://www.edilcapezzuoli.it/,,,
2026-04-28,Alto,60,Impresa Edile Firenze B.A.I.C.,055 782702,Toscana,Firenze,,,,
2026-04-28,Alto,60,Impresa Edile ALE&ANDRE S.a.s.,320 955 9696,Toscana,Firenze,,,,
2026-04-28,Alto,60,La Rondinella Costruzioni Srl,055 933 6244,Toscana,Firenze,,,,
2026-04-28,Alto,60,Restauro & Costruzioni,055 733 0767,Toscana,Firenze,,,,
2026-04-28,Alto,60,GM IMPIANTI ELETTRICI E MANUTENZIONE,380 630 6613,Toscana,Firenze,,,,
2026-04-28,Alto,60,C.S.S. Srl - Costruzioni Strade Servizi per l'Edilizia,339 585 4136,Toscana,Firenze,,,,
2026-04-28,Alto,60,G.F.C. Lavori Edili Srl,340 630 9715,Toscana,Firenze,,,,
2026-04-28,Alto,60,CAVALLARO - Trasporti - Lavori Edili Stradali - Movimento Terra,055 760 6586,Toscana,Firenze,,,,
2026-04-28,Alto,55,"Impresa Edile & Assistenza H24 Firenze – Idraulico, Elettricista, Condizionatori",324 745 0444,Toscana,Firenze,https://www.edilalbaristrutturazioni.it/,,,
2026-04-30,Ottimale,100.0,Ristrutturazione Moderna S.r.l,349 219 8630,Emilia-Romagna,Modena,https://gratis-4837805.webadorsite.com/,https://instagram.com/ristrutturazione_moderna,,
2026-04-30,Ottimale,100.0,Ristrutturazione Moderna Di Mario Edile,349 219 8630,Emilia-Romagna,Modena,https://gratis-4837805.webadorsite.com/servizi,,,
2026-04-30,Ottimale,100.0,TermoK8 Group - The Green General Contractor,059 838 2803,Emilia-Romagna,Modena,https://www.termok8group.it/,,,
2026-04-30,Ottimale,100.0,AEC COSTRUZIONI,0535 23264,Emilia-Romagna,Modena,http://www.aeccostruzioni.com/,,,
2026-04-30,Ottimale,100.0,S.C.S Impianti,335 715 0312,Emilia-Romagna,Modena,http://scsimpiantimodena.it/,,,
2026-04-30,Ottimale,100.0,Cortese Attilio - Impianti Termoidraulici,339 681 3693,Emilia-Romagna,Modena,http://www.corteseimpianti.it/,,,
2026-04-30,Ottimale,100.0,AG Energy Srl | Impianti Fotovoltaici e Impianti Termoidraulici,059 712 2896,Emilia-Romagna,Modena,https://www.agenergy.it/?utm_source=google&utm_medium=business_profile&utm_campaign=click_sito_web,https://www.instagram.com/ag_energy_srl,https://www.linkedin.com/company/ag-energy-srl,
2026-04-30,Ottimale,100.0,Euroclimatic s.r.l. | Installazione impianti elettrici e idraulici | Modena,059 302622,Emilia-Romagna,Modena,http://www.euroclimatic.it/,,,
2026-04-30,Ottimale,100.0,Modena Impianti Srl,059 525563,Emilia-Romagna,Modena,https://www.modenaimpianti.it/,,,
2026-04-30,Ottimale,90.0,Barbieri Costruzioni S.R.L.,059 239068,Emilia-Romagna,Modena,https://www.barbiericostruzioni.it/,,,
2026-04-30,Ottimale,90.0,Costruzioni Generali Due Srl - Azienda Edile,059 512495,Emilia-Romagna,Modena,http://www.cg2.it/,https://www.instagram.com/costruzionigeneralidue,https://www.linkedin.com/company/costruzioni-generali-due-s-r-l,
2026-04-30,Ottimale,90.0,Euro Al Bek SRL- Ristrutturazioni Modena,327 822 2598,Emilia-Romagna,Modena,https://euroalbekedilizia.it/,,,
2026-04-30,Ottimale,90.0,C2 EDILIZIA SRLS - Ristrutturazioni chiavi in mano,346 306 5889,Emilia-Romagna,Modena,http://www.c2edilizia.it/,https://instagram.com/c2edilizia,,
2026-04-30,Ottimale,90.0,De Lucia Costruzioni,333 790 2395,Emilia-Romagna,Modena,http://www.reteimprese.it/37431,,,
2026-04-30,Ottimale,90.0,Impianti Cr Cattini Roli & C. Snc,059 454505,Emilia-Romagna,Modena,https://www.cattiniroli.it/,,,
2026-04-30,Ottimale,90.0,MC Impianti Tecnologici,059 253953,Emilia-Romagna,Modena,http://www.mcimpianti.mo.it/,,,
2026-04-30,Ottimale,90.0,Costruzioni Bernardoni San Cesario S.r.l.,335 593 3921,Emilia-Romagna,Modena,http://www.costruzionibernardoni.com/,,,
2026-04-30,Ottimale,85.0,Malagoli Matteo,335 872 6839,Emilia-Romagna,Modena,https://www.malagolimatteo.it/,https://www.instagram.com/malagoli_matteo_,,
2026-04-30,Ottimale,85.0,I.T.I. Impresa Generale Spa,059 325611,Emilia-Romagna,Modena,http://www.itispa.com/,https://www.instagram.com/selectthemes,https://www.linkedin.com/company/iti-impresa-generale-spa,
2026-04-30,Ottimale,85.0,Energy di Iacob Ion,389 456 7744,Emilia-Romagna,Modena,https://www.energy-iacob.it/,,,
2026-04-30,Ottimale,85.0,Cavicchioli Termoidraulica,059 613 2119,Emilia-Romagna,Modena,https://www.facebook.com/Cavicchioli-Termoidraulica-284715715386119/,,,
2026-04-30,Ottimale,85.0,Artigian Casa h24 di Misota Ivan - Fabbro Elettricista Idraulico,320 872 0485,Emilia-Romagna,Modena,https://artigian.casa/,https://www.instagram.com/artigian_casa,,
2026-04-30,Ottimale,85.0,Idraulico Modena | Anguzza srl,329 423 9232,Emilia-Romagna,Modena,https://www.anguzzasrl.com/,,,
2026-04-30,Ottimale,85.0,Tecnomat,02 8390 5463,Emilia-Romagna,Modena,https://www.tecnomat.it/it/n/modena/?utm_campaign=MODENA_negozio_GMB&utm_content=sito_web&utm_medium=google_my_business&utm_source=google&utm_term=sito_web_MODENA_GMB,,,
2026-04-30,Ottimale,85.0,Pirazzini S.R.L.,059 251360,Emilia-Romagna,Modena,http://www.pirazziniedilizia.it/,,,
2026-04-30,Ottimale,80.0,Edilcostruzioni Modena,059 848539,Emilia-Romagna,Modena,https://www.edilcostruzioni-mo.it/,,,
2026-04-30,Ottimale,80.0,Impresa Ragazzi - Ditta Edile,059 454612,Emilia-Romagna,Modena,http://impresaragazzi.com/,,,
2026-04-30,Ottimale,80.0,Modena Ristrutturazioni srl,059 714 9512,Emilia-Romagna,Modena,https://www.modenaristrutturazioni.it/,https://www.instagram.com/modenaristrutturazioni,,
2026-04-30,Ottimale,80.0,MT Impresa Edile Modena,327 541 7260,Emilia-Romagna,Modena,http://mtsrls.it/,,,
2026-04-30,Ottimale,80.0,Agati & Carianni - Impresa Edile,333 578 2407,Emilia-Romagna,Modena,https://www.agaticarianni.com/,,,
2026-04-30,Ottimale,80.0,Ristrutturazioni Edili Edilmanfre’,059 250007,Emilia-Romagna,Modena,http://www.edilmanfre.it/,,,
2026-04-30,Ottimale,80.0,Grivetti Restauri s.rl Impresa Edile - Ristrutturazioni; Costruzioni; Appaltatori,059 867 7935,Emilia-Romagna,Modena,http://www.grivettirestauri.it/,,,
2026-04-30,Ottimale,80.0,Impresa Edile San Carlo Srl,059 250420,Emilia-Romagna,Modena,http://www.impresaedilesancarlo.it/,,,
2026-04-30,Ottimale,80.0,SDAM costruzioni SRL,392 934 8347,Emilia-Romagna,Modena,http://www.sdamcostruzioni.com/,,,
2026-04-30,Ottimale,80.0,D.A.M.A.EDILE,327 296 8974,Emilia-Romagna,Modena,http://www.damaedile.net/,https://instagram.com/D.A.M.A,,
2026-04-30,Ottimale,80.0,Imprendo Srl| Impresa edile per ristrutturazioni e riqualificazioni energetiche| Modena| Nonantola,059 714 0803,Emilia-Romagna,Modena,https://www.imprendomodena.it/,https://www.instagram.com/imprendo.srl,,
2026-04-30,Ottimale,80.0,Idealtetti Srl | Impresa edile per impermeabilizzazioni e coperture civili e industriali | Modena,389 797 1050,Emilia-Romagna,Modena,https://www.idealtettisrl.it/,,,
2026-04-30,Ottimale,80.0,SMA - Coperture e Lattonerie in genere,340 315 6868,Emilia-Romagna,Modena,,,,
2026-04-30,Ottimale,80.0,S.A.Co.Gen. Societa' Appalti Costruzioni Generali Srl,059 872 0396,Emilia-Romagna,Modena,http://www.sacogen.com/,https://www.instagram.com/sacogensrl,,
2026-04-30,Ottimale,80.0,RT Costruzioni in acciaio s.r.l.,059 215 6539,Emilia-Romagna,Modena,https://rtcostruzioniinacciaio.com/,,,
2026-04-30,Ottimale,80.0,Di.Co. Bioedilizia,059 283380,Emilia-Romagna,Modena,http://dicobioedilizia.it/,,,
2026-04-30,Ottimale,80.0,M.B. Impianti Di Ferrari Marco,059 395603,Emilia-Romagna,Modena,https://www.mbimpiantimodena.it/,,,
2026-04-30,Ottimale,80.0,I.T. IMPIANTI TECNOLOGICI SRL,059 511052,Emilia-Romagna,Modena,https://itimpiantitecnologici.it/,,,
2026-04-30,Ottimale,80.0,"Nuova Cim - Impianti Elettrici, Idraulici e Solari",059 847247,Emilia-Romagna,Modena,https://www.nuovacim.com/,,,
2026-04-30,Ottimale,80.0,Team impianti di Bianco Walter - Impianti Elettrici Modena,339 686 9730,Emilia-Romagna,Modena,https://teamimpianti.com/,,,
2026-04-30,Ottimale,80.0,"Emil-Tecno | Automazione, Progettazione e Realizzazione Impianti",059 335271,Emilia-Romagna,Modena,https://www.emiltecno.it/,,,
2026-04-30,Ottimale,80.0,A.T. Impianti 2 S.R.L.,059 285308,Emilia-Romagna,Modena,http://www.atimpianti.net/,,,
2026-04-30,Ottimale,80.0,Clima Impianti,059 304470,Emilia-Romagna,Modena,http://climaimpiantisrl.eu/,,,
2026-04-30,Ottimale,80.0,A.M. Impianti Snc Di Ascari C. E Magnani C.,059 441704,Emilia-Romagna,Modena,http://www.amimpianti.com/,,https://www.linkedin.com/company/sicurform,
2026-04-30,Ottimale,80.0,Eco Casa Srl Edilizia Modena - Ristrutturazioni Modena,328 279 2336,Emilia-Romagna,Modena,https://ecocasaedilizia.it/,,,
2026-04-30,Ottimale,80.0,Edil Costruzioni Modenese Srl,059 395799,Emilia-Romagna,Modena,https://edilcostruzionimodenese.it/,,,
2026-04-30,Ottimale,80.0,CASTELFRANCO COSTRUZIONI Srl,059 712 2604,Emilia-Romagna,Modena,https://www.castelfrancocostruzioni.it/,,,
2026-04-30,Ottimale,80.0,059 Costruzioni,339 684 5370,Emilia-Romagna,Modena,https://www.059costruzioni.it/,,,
2026-04-30,Ottimale,75.0,Ambrosoffitti Srl,347 638 3755,Emilia-Romagna,Modena,https://www.ambrosoffitti.com/,,,
2026-04-30,Ottimale,75.0,RM Edil S.r.l.,392 884 9793,Emilia-Romagna,Modena,https://www.rmedil.it/,https://www.instagram.com/rmedilizia,,
2026-04-30,Ottimale,75.0,Mario Neri S.p.A.,059 281600,Emilia-Romagna,Modena,http://www.marioneri.it/,,,
2026-04-30,Ottimale,75.0,Gemmalpe S.r.l.,059 283553,Emilia-Romagna,Modena,http://www.gemmalpe.it/,,,
2026-04-30,Ottimale,75.0,Zeta Service,059 358820,Emilia-Romagna,Modena,http://www.zeta-service.it/,https://www.instagram.com/zetaservice_modena,https://www.linkedin.com/company/zeta-service-modena,
2026-04-30,Ottimale,75.0,Idraulico Modena | Sistema Casa srls,380 208 2483,Emilia-Romagna,Modena,https://ilsistemacasa.it/,,,
2026-04-30,Ottimale,75.0,Edil Arcobaleno S.r.l.,059 526093,Emilia-Romagna,Modena,https://www.edilarcobalenomodena.it/,,,
2026-04-30,Ottimale,75.0,Fea,059 723 7129,Emilia-Romagna,Modena,https://www.feasrl.eu/,,,
2026-04-30,Alto,70.0,Modena impresa edile Un mondo a colori,353 409 5978,Emilia-Romagna,Modena,,,,
2026-04-30,Alto,70.0,Futura costruzioni srl,059 747 0085,Emilia-Romagna,Modena,http://www.futuracostruzionisrl.it/,,,
2026-04-30,Alto,70.0,AMAN IMPIANTI Progettazione e Realizzazione di Impianti ELETTRICI Civili e Industriali. Modena,339 352 6751,Emilia-Romagna,Modena,,,,
2026-04-30,Alto,65.0,Ecodomos srl,346 748 0583,Emilia-Romagna,Modena,http://ecodomos.it/,,,
2026-04-30,Alto,65.0,Edilsand srl,346 798 8937,Emilia-Romagna,Modena,https://www.edilsand.it/,,,
2026-04-30,Alto,65.0,Edil Soraci,339 877 6368,Emilia-Romagna,Modena,https://www.edilsoraci.com/,,,
2026-04-30,Alto,65.0,Impresa Bacchelli,059 333104,Emilia-Romagna,Modena,http://www.impresabacchelli.it/,,,
2026-04-30,Alto,65.0,Cipiemme,331 883 8396,Emilia-Romagna,Modena,https://www.facebook.com/CipiemmeSnc,,,
2026-04-30,Alto,65.0,FEA SRL,059 723 0987,Emilia-Romagna,Modena,http://www.feasrl.eu/,,,
2026-04-30,Alto,65.0,Bolena Group Srl,338 223 9258,Emilia-Romagna,Modena,https://www.bolenagroup.it/,,,
2026-04-30,Alto,65.0,Emmevi,059 216144,Emilia-Romagna,Modena,https://www.emmevimodena.it/,,,
2026-04-30,Alto,65.0,EFEN Srl Modena,059 826855,Emilia-Romagna,Modena,http://www.efen.it/,,,
2026-04-30,Alto,65.0,SIR97Srl,333 689 7552,Emilia-Romagna,Modena,http://www.sir97srl.it/,,,
2026-04-30,Alto,65.0,Edil G.P. Modenese Di Pacchiano Giuseppe,059 334793,Emilia-Romagna,Modena,http://www.edilgplamodenese.com/,,,
2026-04-30,Alto,65.0,T.M. di Tomei Marco,059 451669,Emilia-Romagna,Modena,http://www.tomei.it/,,,
2026-04-30,Alto,65.0,Frugeri Danilo Srl,059 549338,Emilia-Romagna,Modena,https://www.frugeridanilo.it/,,,
2026-04-30,Alto,65.0,MP Restauri,346 732 3823,Emilia-Romagna,Modena,https://www.mprestaurisrl.it/,,,
2026-04-30,Alto,65.0,Cme Consorzio Imprenditori Edili Soc. Coop. R. L.,059 252503,Emilia-Romagna,Modena,https://www.cmeconsorzio.it/,,https://www.linkedin.com/company/cme-consorzio-imprenditori-edili-societa,
2026-04-30,Alto,60.0,Edil Romiti di Romiti Emilio - Impresa Edile Modena - Potatura Modena Edil Romiti,335 375 502,Emilia-Romagna,Modena,,,,
2026-04-30,Alto,60.0,Edil-Costruzioni Srl,059 260516,Emilia-Romagna,Modena,,,,
2026-04-30,Alto,60.0,"RIGHI Cav. Enea- progettazione impianti elettrici,idraulici,fotovoltaici e condizionamento",059 451255,Emilia-Romagna,Modena,,,,
2026-04-30,Alto,60.0,T.s.t. Impianti Srl,059 281260,Emilia-Romagna,Modena,,,,
2026-04-30,Alto,60.0,S.c. Impianti S.r.l.,059 450145,Emilia-Romagna,Modena,,,,
2026-04-30,Alto,60.0,Poppi Elettricista Idraulico Riparazioni Impianti,059 230369,Emilia-Romagna,Modena,,,,
2026-04-30,Alto,60.0,Matimpianti di Marotta Francesco,320 221 7737,Emilia-Romagna,Modena,,,,
2026-04-30,Alto,55.0,Ferrari Costruzioni,340 838 7277,Emilia-Romagna,Modena,http://ferrari-costruzioni.com/,https://www.instagram.com/ferrari.costruzioni,,
2026-04-30,Alto,55.0,Vera Costruzioni srl | Impresa Edile a Modena,348 228 4530,Emilia-Romagna,Modena,https://veracostruzionisrl.it/,,,
2026-04-30,Alto,55.0,Bacchelli e Gualdi costruzioni,059 292 9675,Emilia-Romagna,Modena,https://bacchelliegualdi.it/,,,
2026-04-30,Alto,55.0,edilspina Impresa edile di Spina Massimo,339 369 5963,Emilia-Romagna,Modena,https://edilspina.it/,https://instagram.com/edilspina,,
2026-04-30,Alto,55.0,"GLT Tinteggi Srl | Ristrutturazioni edili chiavi in mano, tinteggiature e lavori in cartongesso| Modena",0536 980086,Emilia-Romagna,Modena,http://www.tinteggiglt.it/,,,
2026-04-30,Alto,55.0,P.M. COSTRUZIONI EDILI SRL,059 580 1739,Emilia-Romagna,Modena,http://www.pmcostruzioniedilisrl.it/,,,
2026-04-30,Alto,55.0,"Co.Sy.Be. Srl - Impermeabilizzazioni,applicazioni in resine, lavori edili vari",059 397 1241,Emilia-Romagna,Modena,http://www.cosybe.it/,,,
2026-05-01,Ottimale,100.0,Impresa Edile Zizzo Srl,339 841 5861,Emilia-Romagna,Rimini,https://www.zizzosrl.it/,,,
2026-05-01,Ottimale,100.0,M & L Costruzioni Cartongesso e Ristrutturazioni Rimini,389 823 3263,Emilia-Romagna,Rimini,https://www.cartongessorimini.it/,,,
2026-05-01,Ottimale,100.0,Michedil Ristrutturazioni,338 640 8658,Emilia-Romagna,Rimini,https://www.impreseediliroma.com/,,,
2026-05-01,Ottimale,100.0,Berni Impianti,339 167 5108,Emilia-Romagna,Rimini,https://www.berniimpianti.it/,,,
2026-05-01,Ottimale,100.0,Ianni Impianti Elettrici civili industriali,334 879 1882,Emilia-Romagna,Rimini,https://www.facebook.com/share/1AL9SuwcnJ/,,,
2026-05-01,Ottimale,100.0,LA REGOLA D’ARTE Ristrutturazioni di Dettaglio - Rimini,327 577 9849,Emilia-Romagna,Rimini,https://www.ristrutturazionirimini.net/,https://www.instagram.com/la_regola_d_arte_,,
2026-05-01,Ottimale,90.0,KOLA COSTRUZIONI,380 248 4406,Emilia-Romagna,Rimini,http://www.kolacostruzioni.it/,,,
2026-05-01,Ottimale,90.0,EDIL BEST Impresa edile di Pirrello Massimo,320 062 3611,Emilia-Romagna,Rimini,http://www.edilbest.it/,,,
2026-05-01,Ottimale,90.0,Arlotti Impianti Elettrici di Arlotti Gabriele & C. Sas,0541 27999,Emilia-Romagna,Rimini,http://www.arlotti.net/,,,
2026-05-01,Ottimale,90.0,IM Impianti - Maioli Impianti - Idraulico Rimini,335 597 0962,Emilia-Romagna,Rimini,https://maiolimpianti.it/,,,
2026-05-01,Ottimale,90.0,Car Impianti srl,0541 393173,Emilia-Romagna,Rimini,http://www.carimpianti.it/,,,
2026-05-01,Ottimale,90.0,Nuova F.G.T. costruzioni,0541 372785,Emilia-Romagna,Rimini,https://www.fgtcostruzioni.it/,,,
2026-05-01,Ottimale,90.0,Impresa Mattei - Lavori Edili E Stradali (S.R.L.),0541 679352,Emilia-Romagna,Rimini,http://www.impresamattei.it/,,,
2026-05-01,Ottimale,85.0,Società Cooperativa Braccianti Riminese,0541 748711,Emilia-Romagna,Rimini,https://www.cbrcoop.com/,,,
2026-05-01,Ottimale,85.0,Pesaresi Giuseppe Spa,0541 740356,Emilia-Romagna,Rimini,http://www.pesaresi.com/,,,
2026-05-01,Ottimale,85.0,Tecnomat,02 8390 5463,Emilia-Romagna,Rimini,https://www.tecnomat.it/it/n/rimini/?utm_campaign=RIMINI_negozio_GMB&utm_content=sito_web&utm_medium=google_my_business&utm_source=google&utm_term=sito_web_RIMINI_GMB,,,
2026-05-01,Ottimale,85.0,Promura Romagna Srl,0547 332665,Emilia-Romagna,Rimini,https://www.promuraromagna.it/,,,
2026-05-01,Ottimale,85.0,Eco Demolizioni,0541 791807,Emilia-Romagna,Rimini,https://www.ecodemolizionisrl.com/,,,
2026-05-01,Ottimale,80.0,Edile Costruzioni S.R.L.,0541 395140,Emilia-Romagna,Rimini,http://www.edilecostruzioni.com/,,,
2026-05-01,Ottimale,80.0,Costruzioni San Martino,0541 080995,Emilia-Romagna,Rimini,https://www.costruzionisanmartino.it/,,,
2026-05-01,Ottimale,80.0,Impresa Edile Edil Rimini,345 293 8293,Emilia-Romagna,Rimini,http://www.edilrimini.it/,,,
2026-05-01,Ottimale,80.0,Pivi & Pivi Srl - Impresa edile Rimini,0541 727461,Emilia-Romagna,Rimini,https://www.piviepivi.it/?utm_source=google+business+page&utm_medium=organic&utm_campaign=seo,,,
2026-05-01,Ottimale,80.0,Aedifico Costruzioni di Muccini G. sas,0541 781846,Emilia-Romagna,Rimini,http://www.aedificomuccini.it/,,,
2026-05-01,Ottimale,80.0,Impresa Edile Fraternali Cristian,339 497 7706,Emilia-Romagna,Rimini,https://www.fraternalicristian.com/,https://www.instagram.com/impresaedilefraternali,,
2026-05-01,Ottimale,80.0,Muccini Mario Costruzioni Edili,0541 386669,Emilia-Romagna,Rimini,http://www.muccinirimini.com/,http://www.instagram.com/muccinicostruzioni,,
2026-05-01,Ottimale,80.0,Gorini Costruzioni S.R.L.,0541 780422,Emilia-Romagna,Rimini,http://www.gorinicostruzioni.it/,,,
2026-05-01,Ottimale,80.0,Fattori Costruzioni Srl,0541 391157,Emilia-Romagna,Rimini,https://www.fattoricostruzioni.com/,,,
2026-05-01,Ottimale,80.0,cavallaro costruzioni,0541 012061,Emilia-Romagna,Rimini,http://www.cavallarocostruzioni.it/,https://www.instagram.com/cavallarocostruzioni,,
2026-05-01,Ottimale,80.0,La Giada Costruzioni Sas,346 698 9699,Emilia-Romagna,Rimini,https://www.lagiadacostruzioni.it/,,,
2026-05-01,Ottimale,80.0,Ceb costruzioni edili Bakllava,327 744 7728,Emilia-Romagna,Rimini,http://www.ristrutturazioneceb.it/,,,
2026-05-01,Ottimale,80.0,Miramare Costruzioni Servizi Edili Srl,0541 478926,Emilia-Romagna,Rimini,https://www.miramarecostruzioniserviziedili.it/,,,
2026-05-01,Ottimale,80.0,Ecocostruzioni s.r.l.,0541 375060,Emilia-Romagna,Rimini,http://www.ecocostruzionisrl.it/,,,
2026-05-01,Ottimale,80.0,C.I.E. Costruzioni Installazioni Elettriche Srl,0541 732108,Emilia-Romagna,Rimini,http://www.cierimini.it/index.php,,,
2026-05-01,Ottimale,80.0,B Impianti Elettrici Srls,333 575 1998,Emilia-Romagna,Rimini,https://www.bimpiantielettrici.it/,,,
2026-05-01,Ottimale,80.0,Guerra Zavoli & C. s.r.l. - impianti elettrici,0541 377104,Emilia-Romagna,Rimini,http://www.guerrazavoli.it,,,
2026-05-01,Ottimale,80.0,Giannini Impianti Elettrici,339 680 1827,Emilia-Romagna,Rimini,http://gianniniimpianti.com/,,,
2026-05-01,Ottimale,80.0,Super Edilizia - edilizia acrobatica Rimini,329 860 5970,Emilia-Romagna,Rimini,https://superedilizia.it/,https://www.instagram.com/super_edilizia,,
2026-05-01,Ottimale,80.0,Italservizi Srl - Ristrutturazioni edili,0541 801181,Emilia-Romagna,Rimini,http://www.italservizisrl.eu/,,,
2026-05-01,Ottimale,80.0,Sir Costruzioni s.r.l.,0541 831478,Emilia-Romagna,Rimini,https://www.sircostruzioni.it/,https://www.instagram.com/_s.i.r.costruzioni_s.r.l._,,
2026-05-01,Ottimale,75.0,Tagliamuri,0541 386213,Emilia-Romagna,Rimini,https://www.tagliamurirn.it/,,,
2026-05-01,Ottimale,75.0,Costruttori Dilernia Soc. Coop.,338 980 2218,Emilia-Romagna,Rimini,http://www.costruttoridilernia.com/,,,
2026-05-01,Ottimale,75.0,Romagnaedil s.n.c.,320 913 4591,Emilia-Romagna,Rimini,https://romagnaedilsnc.it/,,,
2026-05-01,Alto,70.0,Baldacci Costruzioni Srl,335 521 2207,Emilia-Romagna,Rimini,http://www.baldaccicostruzioni.it/,,,
2026-05-01,Alto,70.0,mct costruzioni srl,0541 307061,Emilia-Romagna,Rimini,http://www.mctcostruzioni.it/,,,
2026-05-01,Alto,70.0,Impiantistica Di Sabba Lazzaro & C. S.N.C.,0541 390134,Emilia-Romagna,Rimini,,,,
2026-05-01,Alto,65.0,Habitat & Design Costruttori,345 885 9226,Emilia-Romagna,Rimini,https://www.habitatcostruttori.com/,,,
2026-05-01,Alto,65.0,"DIMA - Cartongesso, rivestimenti, isolanti e imbianchini",328 900 3017,Emilia-Romagna,Rimini,http://www.rivestimentieisolanti.it/,https://www.instagram.com/dima_ristrutturazioni_srl,,
2026-05-01,Alto,65.0,Impresa Mariani Srl,0541 731206,Emilia-Romagna,Rimini,http://www.mariani-costruzioni.it/,,,
2026-05-01,Alto,65.0,Ge.Cos. Generale Costruzione Spa,0541 392300,Emilia-Romagna,Rimini,http://www.gecos-spa.it/,,,
2026-05-01,Alto,65.0,Edil Tetti Rimini di Pasquinelli Paolo,0541 160 1603,Emilia-Romagna,Rimini,http://www.ediltettirimini.it/,,,
2026-05-01,Alto,65.0,Asfaltissima di Merli Claudio,335 362 815,Emilia-Romagna,Rimini,http://www.asfaltissima.it/,,,
2026-05-01,Alto,65.0,F.LLI HIDRI Rimini,328 199 7468,Emilia-Romagna,Rimini,http://fratellihidrisrl.com/,,,
2026-05-01,Alto,65.0,Edil Oleksandr,388 721 2512,Emilia-Romagna,Rimini,https://www.ediloleksandr.com/,,,
2026-05-01,Alto,65.0,I.C.E.,0541 386689,Emilia-Romagna,Rimini,http://www.icerimini.it/,,,
2026-05-01,Alto,65.0,Elettroscossa S.r.l.,335 874 5616,Emilia-Romagna,Rimini,http://www.elettroscossa.it/,,,
2026-05-01,Alto,65.0,Edil Ce s.a.s.,389 768 9466,Emilia-Romagna,Rimini,http://www.edilce.it/,,,
2026-05-01,Alto,65.0,IN.TE.SO Ingegneria S.r.l,0541 309756,Emilia-Romagna,Rimini,https://www.intesoing.it/,,https://www.linkedin.com/company/in-te-so-ingegneria-s-r-l,
2026-05-01,Alto,65.0,Co.E.So. Rimini,0541 760211,Emilia-Romagna,Rimini,https://coesorimini.it/,,https://www.linkedin.com/company/co-e-so-rimini,
2026-05-01,Alto,65.0,Gnoli Lino & C. Snc Costruzione Escavazioni,0541 750260,Emilia-Romagna,Rimini,https://www.gnolicostruzioni.com/contatti/,,,
2026-05-01,Alto,65.0,Tecnoimpresit srl,329 815 7620,Emilia-Romagna,Rimini,http://www.tecnoimpresit.it/,,,
2026-05-01,Alto,65.0,Società Cooperativa Ital Tetti,0541 741380,Emilia-Romagna,Rimini,http://www.italtetti.it/,,,
2026-05-01,Alto,60.0,COCER Costruzioni,0541 394850,Emilia-Romagna,Rimini,,,,
2026-05-01,Alto,60.0,Impresa Edile Amati Geom. Vittorio,0541 740644,Emilia-Romagna,Rimini,,,,
2026-05-01,Alto,60.0,Impresa Edile F.lli Bleta,0541 020603,Emilia-Romagna,Rimini,,,,
2026-05-01,Alto,55.0,Edilpunto di Gandini Lina & c,0541 392098,Emilia-Romagna,Rimini,,,,
2026-05-01,Alto,55.0,RIMINI COSTRUZIONI GROUP,0541 164 8252,Emilia-Romagna,Rimini,https://riminicostruzioni.it/,,,
2026-05-01,Alto,55.0,MODULO COSTRUZIONI Srl,339 875 0308,Emilia-Romagna,Rimini,http://www.modulocostruzioni.it/,https://www.instagram.com/wix,,
2026-05-01,Alto,55.0,TLE costruzioni s.r.l.,0541 625758,Emilia-Romagna,Rimini,https://tlecostruzioni.it/,https://www.instagram.com/tlecostruzioni,,
2026-05-02,Ottimale,100.0,Impresa Edile Savona EdilMurri,328 484 8228,Liguria,Savona,https://www.facebook.com/EdilMurrisavona,,,
2026-05-02,Ottimale,90.0,Sistema Edilizia srl,345 750 5386,Liguria,Savona,http://www.sistemaimpresaedile.it/,https://instagram.com/sistema_edilizia_srl,,
2026-05-02,Ottimale,90.0,Castiglia Costruzioni srl,019 510165,Liguria,Savona,http://www.castigliacostruzioni.it/,https://www.instagram.com/castiglia_costruzioni,https://www.linkedin.com/company/castiglia-costruzioni,
2026-05-02,Ottimale,85.0,Edil Leka,019 937 6355,Liguria,Savona,https://edilleka.com/,https://instagram.com/edilleka,https://www.linkedin.com/company/edilleka,
2026-05-02,Ottimale,85.0,Fratelli Grondona Sas,019 860455,Liguria,Savona,https://www.ediliziagrondona.com/,,https://linkedin.com/company/fratelli-grondona-sas,
2026-05-02,Ottimale,85.0,Impresa Edil Perleka,327 946 0598,Liguria,Savona,https://www.edilperleka.it/,,,
2026-05-02,Ottimale,85.0,CDS TECH ASSISTENZA CANCELLI AUTOMATICI FADINI FAAC,393 499 5260,Liguria,Savona,http://www.cdstech.it/,,,
2026-05-02,Ottimale,85.0,O.C. Clim,019 862998,Liguria,Savona,http://www.occlim.it/,,,
2026-05-02,Ottimale,85.0,Caldaie Peri Giorgio & C.,019 811055,Liguria,Savona,https://www.perigiorgio.com/,,,
2026-05-02,Ottimale,85.0,Motisi Gaspare Centro Assistenza Caldaie e Climatizzatori,019 770 2257,Liguria,Savona,http://www.manutenzioneistallazione.wordpress.com/,,,
2026-05-02,Ottimale,85.0,Murialdo Stelvio S.r.l.,019 840 2002,Liguria,Savona,https://www.murialdostelvioassistenzacaldaiesv.com/,,,
2026-05-02,Ottimale,85.0,Unitek S.r.l.,338 323 0097,Liguria,Savona,https://www.unitekcorp.com/,,,
2026-05-02,Ottimale,85.0,Bricocenter Savona,019 949 3037,Liguria,Savona,https://www.bricocenter.it/savona/,,,
2026-05-02,Ottimale,80.0,Impresa Edile Ademi,347 645 8483,Liguria,Savona,https://www.impresaedileademi.com/,,,
2026-05-02,Ottimale,80.0,Impresa Edile Mario,345 614 3489,Liguria,Savona,https://impresaedilemario.it/,,,
2026-05-02,Ottimale,80.0,AT Edilizia S.R.L.S,392 700 1380,Liguria,Savona,http://atediliziasrls.it/,,,
2026-05-02,Ottimale,80.0,Costruzioni Mugliarisi,389 002 7100,Liguria,Savona,https://costruzionimugliarisi.it/,,,
2026-05-02,Ottimale,80.0,Ligure Mare Costruzioni di M.F.,019 221 3347,Liguria,Savona,https://www.liguremarecostruzioni.it/,,,
2026-05-02,Ottimale,80.0,Costruzioni Reti S.r.l.,320 565 6698,Liguria,Savona,http://www.costruzioniretisrl.com/,,,
2026-05-02,Ottimale,80.0,MM Costruzioni,0182 761032,Liguria,Savona,https://www.mironemmcostruzioni.it/,,,
2026-05-02,Ottimale,80.0,Elettroeuropa - Costruzioni Edili ed Impianti Elettrici,335 132 6910,Liguria,Savona,http://www.elettroeuropa.it/,,,
2026-05-02,Ottimale,80.0,LD Tecnoimpianti snc,375 531 3039,Liguria,Savona,https://www.ldtecnoimpianti.it/,,,
2026-05-02,Ottimale,80.0,Ditta Fiumara impianti elettrici,340 124 0039,Liguria,Savona,http://www.dittafiumara.it/,,,
2026-05-02,Ottimale,80.0,Impianti Elettrici e Sistemi di Sicurezza - D'Aleo Francesco -,340 575 2708,Liguria,Savona,http://www.daleoimpianti.it/,,,
2026-05-02,Ottimale,80.0,Impianti Idraulici Savona - Termoidraulica Savona - TecnoHydra di Grecchi Giuseppe Savona,347 598 1357,Liguria,Savona,http://www.tecnohydraimpianti.it/,,,
2026-05-02,Ottimale,80.0,RIELLO - A.B. TERMOIMPIANTI DI BOVA ANDREA,019 770 0751,Liguria,Savona,http://www.riello.it/,https://www.instagram.com/rielloitalia,https://www.linkedin.com/company/riello-corporate-,
2026-05-02,Ottimale,75.0,Edilservizi S.r.l.,019 856431,Liguria,Savona,https://www.edilservizisrl.it/,,,
2026-05-02,Ottimale,75.0,Mantobit S.p.A.,019 860001,Liguria,Savona,https://www.mantobit.com/,,,
2026-05-02,Ottimale,75.0,Mugliarisi S.r.l.,019 886774,Liguria,Savona,http://www.mugliarisi.com/,,,
2026-05-02,Alto,70.0,Geometra Pierangelo Parente,340 920 7371,Liguria,Savona,http://www.geometraparente.it/,,,
2026-05-02,Alto,65.0,Primedil,349 170 1892,Liguria,Savona,http://www.impresaedileprimedil.com/,,,
2026-05-02,Alto,65.0,Parfiri,019 810580,Liguria,Savona,https://parfiri.it/,,,
2026-05-02,Alto,65.0,Big House,333 333 4377,Liguria,Savona,https://www.bighousesrls.com/,,,
2026-05-02,Alto,65.0,EdilArt S.r.l.,329 656 8042,Liguria,Savona,http://edilartcostruzioni.com/,,,
2026-05-02,Alto,65.0,MB Geoteams S.r.l.,019 820404,Liguria,Savona,http://www.mbgeoteam.com/,,,
2026-05-02,Alto,65.0,Progetto edil360 S.R.L,379 343 4778,Liguria,Savona,https://progettoedil360.it/,,,
2026-05-02,Alto,65.0,Resine e Decor Savona,320 461 3618,Liguria,Savona,http://resineedecor.it/,https://www.instagram.com/resine_e_decor,,
2026-05-02,Alto,65.0,Edilproget S.r.l.,019 948 1625,Liguria,Savona,http://www.edilprogetsrl.com/,,,
2026-05-02,Alto,65.0,Imprenda S.r.l.,019 912 3313,Liguria,Savona,https://www.imprendacostruzioni.it/,https://www.instagram.com/imprendasrl,,
2026-05-02,Alto,65.0,Agenzia Top Service - Pronto Intervento idraulico -elettricista- fabbro,348 231 3113,Liguria,Savona,https://www.idraulicosavonagenovasanremo.it/,,,
2026-05-02,Alto,65.0,Professional Team Srl,019 200 0304,Liguria,Savona,https://www.professionalteam.biz/,,,
2026-05-02,Alto,65.0,Hesse,019 924 6923,Liguria,Savona,https://www.hessespa.com/,,,
2026-05-02,Alto,65.0,DITTA IDRAULICA GARETTI RICCARDO,348 715 8555,Liguria,Savona,http://www.idraulicagaretti.it/,,,
2026-05-02,Alto,65.0,Pernorio Termotecnica,019 861701,Liguria,Savona,https://www.pernorioriscaldamento.it/,,,
2026-05-02,Alto,65.0,Studio Tecnico Reset,019 937 5133,Liguria,Savona,https://www.studioreset.it/,,,
2026-05-02,Alto,65.0,MAISON LAMAJ | La tua idea diventa casa,366 299 9580,Liguria,Savona,https://maisonlamaj.it/,,,
2026-05-02,Alto,65.0,Cassa Edile di Savona,019 805757,Liguria,Savona,http://www.cassaedilesavona.com/,,,
2026-05-02,Alto,60.0,Impresa Edile di Piu',019 804410,Liguria,Savona,,,,
2026-05-02,Alto,60.0,Global Costruzioni srls,347 919 3384,Liguria,Savona,,,,
2026-05-02,Alto,60.0,Impresa Edile Edil Rial S.R.L.,019 912 1349,Liguria,Savona,,,,
2026-05-02,Alto,60.0,Impresa Edile Edil Piesse di Stella Luigi sas,328 301 4683,Liguria,Savona,,,,
2026-05-02,Alto,60.0,Impresa Edile Pizzuto Giovanni,349 808 6116,Liguria,Savona,,,,
2026-05-02,Alto,60.0,Impresa edile Seferi Adriatik,349 002 3829,Liguria,Savona,,,,
2026-05-02,Alto,60.0,MAGISTRALI IMPIANTI SRLS,388 165 4044,Liguria,Savona,,,,
2026-05-02,Alto,60.0,Pasceri Impianti Elettrici,338 372 6943,Liguria,Savona,,,,
2026-05-02,Alto,55.0,Cartongesso - F.lli Harizaj & Seraj,380 907 1438,Liguria,Savona,,,,
2026-05-02,Alto,55.0,Edilizia Unita,340 858 4377,Liguria,Savona,https://www.ediliziaunita.it/,,,
2026-05-02,Alto,55.0,Impresa Edile Vladi,388 488 0418,Liguria,Savona,http://impresaedilevladi.it/,,,
2026-05-02,Alto,55.0,Cea Costruzioni Euroedili Artigiane,019 813877,Liguria,Savona,http://www.impresacea.it/,,,
2026-05-02,Alto,55.0,DL Costruzioni Savona,349 433 3390,Liguria,Savona,http://dlcostruzionisavona.it/,,,
2026-05-02,Alto,55.0,Rinnova sas,340 748 5527,Liguria,Savona,https://www.rinnovasavona.it/,https://www.instagram.com/reel,,
2026-05-02,Alto,55.0,Core progetti S.r.l.,347 504 4082,Liguria,Savona,https://www.facebook.com/Core-progetti-srl-419059891590156/,,,
2026-05-02,Alto,55.0,S.E.A. Consorzio di Imprese,335 619 7539,Liguria,Savona,http://www.seaconsorziosavona.com/,,,
2026-05-03,Ottimale,100.0,Generale Edilizia Srl,392 156 0773,Lazio,Latina,http://www.generaleedilizia.com/,https://www.instagram.com/generaleedilizia,,
2026-05-03,Ottimale,100.0,C.E.M.I. IMPIANTI s.r.l.,0773 175 1002,Lazio,Latina,http://cemilatina.com/,https://www.instagram.com/c.e.m.i.impianti,,
2026-05-03,Ottimale,100.0,T Costruzioni SRLS - Ristrutturazioni & Riparazioni,338 495 2551,Lazio,Latina,https://t-costruzioni.com/,https://www.instagram.com/tcostruzioni_srls,,
2026-05-03,Ottimale,100.0,"Ristrutturazioni & Assistenza H24 Roma – Idraulico, Elettricista, Caldaie & Clima",324 745 0444,Lazio,Latina,https://edilalbaristrutturazioni.it/,,,
2026-05-03,Ottimale,100.0,Aedificium Romae - Costruzioni-Ristrutturazioni-Impiantistica,06 9978 4718,Lazio,Latina,https://www.aedificiumromae.it/,https://www.instagram.com/aedificiumromae,,
2026-05-03,Ottimale,100.0,"Mida Home S.r.l. Costruzioni e ristrutturazioni edili, ristrutturazioni appartamenti Roma, Roma Est",347 768 5455,Lazio,Latina,https://www.midahomesrl.it/,https://www.instagram.com/mida_home,,
2026-05-03,Ottimale,100.0,Evo Home Ristrutturazioni,327 986 6412,Lazio,Latina,https://www.evohome.it/,,,
2026-05-03,Ottimale,100.0,Lunadei Ristrutturazioni,06 541 6284,Lazio,Latina,https://lunadeiristrutturazioni.it/,https://www.instagram.com/lunadei_ristrutturazioni,,
2026-05-03,Ottimale,100.0,int&ext Ristrutturazioni Costruzioni Restyling,800 587 969,Lazio,Latina,https://www.inteext.it/,https://www.instagram.com/inteext,http://linkedin.com/in/inteext,
2026-05-03,Ottimale,100.0,Edilizia 95 Roma,392 012 1544,Lazio,Latina,https://www.edilizia95.it/,,,
2026-05-03,Ottimale,100.0,Studio Tecnico Mariani - Impresa Edile Roma,391 307 2708,Lazio,Latina,https://www.studio-tecnico-mariani.it/,,,
2026-05-03,Ottimale,100.0,Edilizia Sabotino,0773 648320,Lazio,Latina,http://www.ediliziasabotino.it/,,,
2026-05-03,Ottimale,90.0,Giaguaro Edilizia,0773 664028,Lazio,Latina,http://www.giaguaroedilizia.com/,https://www.instagram.com/giaguaro.edilizia,https://www.linkedin.com/company/11000941,
2026-05-03,Ottimale,90.0,Ristrutturazioni Roma Latina,388 449 7528,Lazio,Latina,https://ristrutturazionilazio.jimdofree.com/,,,
2026-05-03,Ottimale,90.0,Società Romana Costruzioni Meccaniche srl,06 9765 4301,Lazio,Latina,http://grandicostruzioni.com/,,,
2026-05-03,Ottimale,90.0,DP IMPIANTI SRLS,0773 188 8320,Lazio,Latina,https://www.dpimpiantilatina.com/,https://www.instagram.com/d_p_impianti,,
2026-05-03,Ottimale,90.0,Costruzioni e Ristrutturazioni Edili Roma - Albert Costruzioni,344 166 3555,Lazio,Latina,https://albertcostruzioni.it/,,,
2026-05-03,Ottimale,90.0,IMPRESA EDILE C.E.BU. S.R.L.S.,392 757 0025,Lazio,Latina,http://www.ristrutturarecasa-ristrutturazioneappartamento-ristrutturazioni.roma.it/,,,
2026-05-03,Ottimale,90.0,Cassa Edile Della Provincia Di Latina,0773 663636,Lazio,Latina,http://www.cassaedilelatina.it/,,,
2026-05-03,Ottimale,85.0,Servizi Edili Roma,380 387 1858,Lazio,Latina,http://www.serviziediliroma.it/,https://www.instagram.com/serviziediliroma,,
2026-05-03,Ottimale,85.0,GruppoAST Demolizioni E Scavi A Latina,0773 623672,Lazio,Latina,http://www.gruppoast.it/,https://www.instagram.com/gruppoast,,
2026-05-03,Ottimale,85.0,LatinGroup,0773 164 7147,Lazio,Latina,http://latingroup.it/,,,
2026-05-03,Ottimale,85.0,Santori Srl,0773 690161,Lazio,Latina,http://www.santorisrl.it/,,,
2026-05-03,Ottimale,85.0,Spazio Clima Srl,0773 010027,Lazio,Latina,https://spazioclima.com/,,,
2026-05-03,Ottimale,85.0,Ceraldi SRL Termoidraulica,0773 486091,Lazio,Latina,http://www.ceraldi.it/,,,
2026-05-03,Ottimale,85.0,Idrotermica Italia,0773 696727,Lazio,Latina,https://www.idrotermicaitalia.it/,,,
2026-05-03,Ottimale,85.0,Assitermoclima,340 149 3931,Lazio,Latina,http://assitermoclima.it/,https://www.instagram.com/assitermoclima,,
2026-05-03,Ottimale,85.0,C.E.S.Pe. SRL,0773 695456,Lazio,Latina,http://www.cespesrl.com/,,,
2026-05-03,Ottimale,85.0,Energastore Latina,0773 664483,Lazio,Latina,https://www.energastore.it/,https://www.instagram.com/energastore,,
2026-05-03,Ottimale,85.0,Unicom SRL (PURECOM™),351 562 2486,Lazio,Latina,https://purecom.green/,https://www.instagram.com/unicomsrl2023,,
2026-05-03,Ottimale,85.0,ELETTRICISTA/ANTENNISTA SIMONE/APRILIA-LATINA-ARDEA,339 261 7114,Lazio,Latina,http://www.elettricista-simone.it/,,,
2026-05-03,Ottimale,85.0,Santori Marco srl,320 922 1830,Lazio,Latina,https://www.santorimarcosrl.it/,,,
2026-05-03,Ottimale,85.0,Elettrica Isonzo Srl,0773 240376,Lazio,Latina,http://www.eliso.it/,,,
2026-05-03,Ottimale,85.0,Burato Climambiente Srl,0773 611096,Lazio,Latina,http://www.buratotermoidraulica.it/,,,
2026-05-03,Ottimale,85.0,GM Tecnoedil,331 376 8409,Lazio,Latina,https://www.gmtecnoedil.it/,,,
2026-05-03,Ottimale,85.0,Ristrutturare Casa,06 5297 8448,Lazio,Latina,https://www.ristrutturarecasa.it/,https://www.instagram.com/ristrutturarecasa.it,,
2026-05-03,Ottimale,85.0,Edil Norma SRL,0773 354305,Lazio,Latina,https://www.edilnorma.com/,,,
2026-05-03,Ottimale,85.0,Greco,0773 692869,Lazio,Latina,http://www.grecosrl.com/,,,
2026-05-03,Ottimale,85.0,Edil Zeoli Srl,340 900 6348,Lazio,Latina,https://edilzeoli.it/,,https://www.linkedin.com/in/fabio-zeoli-51b62715b,
2026-05-03,Ottimale,80.0,FD COSTRUZIONI SRL Unipersonale,331 904 7664,Lazio,Latina,,,,
2026-05-03,Ottimale,80.0,Borsari Srl - Impresa Di Costruzioni - Latina,0773 479758,Lazio,Latina,https://www.borsaricostruzioni.it/,,,
2026-05-03,Ottimale,80.0,Panetti Costruzioni,335 569 0383,Lazio,Latina,http://www.panetti.casa/,,,
2026-05-03,Ottimale,80.0,Evo Costruzioni S.r.l | Impresa edile Latina,0773 242877,Lazio,Latina,http://www.evocostruzioni.com/,,,
2026-05-03,Ottimale,80.0,Bellotto Costruzioni s.r.l.,06 3105 0624,Lazio,Latina,http://bellottocostruzioni.it/,,,
2026-05-03,Ottimale,80.0,COSTRUZIONI RINALDI SRL,0773 250718,Lazio,Latina,https://www.rinaldi.construction/,,https://www.linkedin.com/company/costruzioni-rinaldi,
2026-05-03,Ottimale,80.0,S. M. Costruzioni Edili e Stradali,06 299694,Lazio,Latina,https://www.smcostruzionisrls.com/,,,
2026-05-03,Ottimale,80.0,Falchetto Edilizia S.R.L.,0773 631682,Lazio,Latina,https://falchettoedilizia.it/,,,
2026-05-03,Ottimale,80.0,Immobiliare Costruzioni Da.Co,0773 623946,Lazio,Latina,http://www.dacocostruzioni.it/,,,
2026-05-03,Ottimale,80.0,Bianconi Costruzioni,0773 474713,Lazio,Latina,http://www.bianconicostruzioni.it/,,,
2026-05-03,Ottimale,80.0,Seval Costruzioni,0773 731131,Lazio,Latina,https://www.piattaformeaereelatina.com/,,,
2026-05-03,Ottimale,80.0,Samar Costruzioni S.R.L.,06 968 1243,Lazio,Latina,https://samarcostruzioni.com/home/,,,
2026-05-03,Ottimale,80.0,Rdr Costruzioni,346 405 9445,Lazio,Latina,http://www.rdrcostruzioni.com/,,,
2026-05-03,Ottimale,80.0,Furlan Costruzioni Italia S.R.L.,0773 250073,Lazio,Latina,http://www.furlansrl.it/,,https://www.linkedin.com/company/furlan-costruzioni-italia-s-r-l-,
2026-05-03,Ottimale,80.0,Costruzioni Massaroni Srl,06 969 3216,Lazio,Latina,http://massaronicostruzioni.it/,,,
2026-05-03,Ottimale,80.0,FEL COSTRUZIONI s.r.l.,0773 908534,Lazio,Latina,http://www.felcostruzioni.com/,https://www.instagram.com/fel_costruzioni_srl,https://www.linkedin.com/company/fel-costruzioni-s-r-l,
2026-05-03,Ottimale,80.0,Impiantistica Latina Srl,0773 208557,Lazio,Latina,https://www.impiantisticalatina.it/,,,
2026-05-03,Ottimale,80.0,E.S.D. IMPIANTI DI MADDALENA MARIO,0773 280458,Lazio,Latina,http://www.esdimpianti.it/,,,
2026-05-03,Ottimale,80.0,Artigiana Impianti Srl,0773 273601,Lazio,Latina,,,,
2026-05-03,Ottimale,80.0,SeC Impianti srl - Impianti Elettrici Civili e Industriali - Roma,0773 879695,Lazio,Latina,https://www.secimpianti.com/lavora-con-noi-1.html,,,
2026-05-03,Ottimale,80.0,P.C.C. Impianti SRL,0773 696807,Lazio,Latina,http://www.pccimpianti.it/,,,
2026-05-03,Ottimale,80.0,Impianti Montaguti,0773 604411,Lazio,Latina,https://www.impiantimontaguti.com/,,,
2026-05-03,Ottimale,80.0,Edil Leonardo srl - Edilizia Sostenibile Roma e Latina,345 538 9463,Lazio,Latina,http://www.edilleonardo.it/,https://www.instagram.com/edil_leonardo,https://www.linkedin.com/company/edil-leonardo-srl,
2026-05-03,Ottimale,80.0,Edil Fasmo Ristrutturazioni Edili,393 926 1376,Lazio,Latina,https://edilfasmo80.business.site/,,,
2026-05-03,Ottimale,80.0,Ristrutturazioni edili Fabio Greco,339 266 8880,Lazio,Latina,https://ristrutturazioniediligreco.it/,https://www.instagram.com/ristrutturazioniediligreco,,
2026-05-03,Ottimale,80.0,Ristrutturazioni.srl,348 601 0907,Lazio,Latina,https://www.ristrutturazionecasaroma.com/,,,
2026-05-03,Ottimale,80.0,DR Costruzioni Srls,349 422 4668,Lazio,Latina,http://drcostruzionisrls.it/,,,
2026-05-03,Ottimale,80.0,MDM S.r.l.s. RISTRUTTURAZIONI - STUDIO INGEGNERIA Ing. Marco Di Matteo,329 351 1661,Lazio,Latina,,,,
2026-05-03,Ottimale,80.0,Royal Costruzioni Ristrutturazioni,376 128 2408,Lazio,Latina,https://www.royalcostruzioniristrutturazioni.com/,,,
2026-05-03,Ottimale,80.0,"Ditta Laudani, Ristrutturazioni Edili Roma",333 698 0242,Lazio,Latina,https://www.dittaristrutturazioniroma.it/,,,
2026-05-03,Ottimale,80.0,Ristrutturazioni Lungu Marius,334 504 4377,Lazio,Latina,https://www.imprese-edili.com/lungu-marius-srl-49416,,,
2026-05-03,Ottimale,80.0,Iannotta Srl Costruzioni e Ristrutturazioni ad Aprilia,06 928 1862,Lazio,Latina,https://www.facebook.com/Iannottaediliziasrl,,,
2026-05-03,Ottimale,75.0,Scuccato S.A. srl,351 652 3175,Lazio,Latina,https://grupposcuccato.com/,https://instagram.com/scuccatosasrl,https://www.linkedin.com/company/scuccato-sa-s-r-l,
2026-05-03,Ottimale,75.0,Secim Srl,0773 423622,Lazio,Latina,http://secimcostruzioni.it/,,,
2026-05-03,Ottimale,75.0,Songeo Srl,0773 242457,Lazio,Latina,http://www.songeosrl.com/,,,
2026-05-03,Ottimale,75.0,ICI Servizi,0773 473714,Lazio,Latina,http://www.iciservizi.it,,,
2026-05-03,Ottimale,75.0,Mefi S.r.l.,0773 240732,Lazio,Latina,http://mefilatina.com/,,,
2026-05-03,Alto,70.0,Co-Mes Costruzioni Group S.r.l.,0773 339364,Lazio,Latina,http://ilmeglioalatina.it/,,,
2026-05-03,Alto,70.0,Società Edile Romana,800 941 407,Lazio,Latina,http://www.societaedileromana.it/,,,
2026-05-03,Alto,70.0,CM Costruzioni Di Marsella Marco,380 284 1867,Lazio,Latina,http://www.cmcostruzioni.biz/,,,
2026-05-03,Alto,65.0,Edil G di Gaetano Liguori,331 968 1952,Lazio,Latina,http://www.edilg.eu/,,,
2026-05-03,Alto,65.0,Edil Lazio SRL,0773 663672,Lazio,Latina,http://www.edillazio.it/,,,
2026-05-03,Alto,65.0,Edil Ciotti,333 461 5372,Lazio,Latina,http://edilciotti.it/,https://www.instagram.com/edilciotti,,
2026-05-03,Alto,65.0,Lamar,338 984 1543,Lazio,Latina,https://www.lamarcostruzioni.it/,,,
2026-05-03,Alto,65.0,De Angelis Srl,0773 242002,Lazio,Latina,http://www.deangelissrl.com/,,,
2026-05-03,Alto,65.0,LTSolutions SRL,0773 870746,Lazio,Latina,https://www.ltsolutions.it/,,,
2026-05-03,Alto,65.0,Energycomm,0773 358506,Lazio,Latina,https://www.energycomm.it/,,https://www.linkedin.com/company/energycomm-srl,
2026-05-03,Alto,65.0,Materia & Colori S.R.L.,0773 266000,Lazio,Latina,,,,
2026-05-03,Alto,60.0,Mele Luigi Impresa Costruzioni Generali Srl,0773 697958,Lazio,Latina,,,,
2026-05-03,Alto,60.0,ELLE COSTRUZIONI SRL,0773 149 6721,Lazio,Latina,,,,
2026-05-03,Alto,60.0,Fenice Costruzioni,0773 259717,Lazio,Latina,,,,
2026-05-03,Alto,60.0,Riccardo Costruzioni,327 094 2297,Lazio,Latina,,,,
2026-05-03,Alto,60.0,FINOTTI Costruzioni S.r.l.,06 968 1373,Lazio,Latina,,,,
2026-05-03,Alto,60.0,Edilizia Mari,06 969 3850,Lazio,Latina,,,,
2026-05-03,Alto,60.0,Degli Stefani Costruzioni S.R.L,0773 632404,Lazio,Latina,,,,
2026-05-03,Alto,60.0,G.M. Impianti Srl,0773 663395,Lazio,Latina,,,,
2026-05-03,Alto,60.0,GMF Impianti srl,0773 603181,Lazio,Latina,,,,
2026-05-03,Alto,60.0,Coelme Costruzioni Elettriche E Meccaniche S.R.L.,0773 471054,Lazio,Latina,,,,
2026-05-03,Alto,60.0,Ristrutturazioni edili Pradissitto,339 884 5416,Lazio,Latina,,,,
2026-05-03,Alto,60.0,"Nuova Edilprom Srl - Impresa per ristrutturazioni edili, isolamenti, controsoffitti, cartongesso",06 550 3307,Lazio,Latina,,,,
2026-05-03,Alto,60.0,OFFICINE EDILI RISTRUTTURAZIONI,347 148 5595,Lazio,Latina,,,,
2026-05-03,Alto,60.0,Gipas Costruzioni Srl,06 9687 3141,Lazio,Latina,,,,
2026-05-03,Alto,55.0,Alba Nuova Costruzioni Spa,0773 600580,Lazio,Latina,http://www.albanuovacostruzioni.it/,,,
2026-05-03,Alto,55.0,Edil Peg,320 302 3684,Lazio,Latina,https://www.edilpegristrutturazioni.it/content/architect/about-us.html,https://www.instagram.com/edilpeg,,
2026-05-03,Alto,55.0,E.T.I.L Società | Servizi di costruzioni e ristrutturazioni a Latina,335 146 9058,Lazio,Latina,https://icrappalti.it/,,,
2026-05-03,Alto,55.0,Gruppo Baccari,0773 474203,Lazio,Latina,http://www.gruppobaccari.it/,https://www.instagram.com/gruppobaccari,https://www.linkedin.com/company/gruppo-baccari-s,
2026-05-03,Alto,55.0,Energy S.r.l.,0773 280130,Lazio,Latina,,,,
2026-05-03,Alto,55.0,Impianti Tecnologici Laziali S.R.L.,0773 631025,Lazio,Latina,http://www.itlpiping.it/,,,
2026-05-03,Alto,55.0,AMAX srl,333 343 9905,Lazio,Latina,,,,
2026-05-03,Alto,55.0,Ristrutturazioni edili SG Edil Casa,333 615 6901,Lazio,Latina,https://www.sgedilcasa.it/,,,
2026-05-03,Alto,55.0,Neroni Costruzioni. s.r.l.,0773 489748,Lazio,Latina,http://costruzionineroni.com/,,,
2026-05-03,Alto,55.0,Tower Edilizia - flooring specialists,392 474 7830,Lazio,Latina,https://www.latinaebusiness.it/tower-edilizia,,,
2026-05-03,Alto,55.0,Cubo Edile - Impermeabilizzazioni Latina,329 942 5247,Lazio,Latina,https://www.cuboedile.it/,,,
2026-05-04,Ottimale,100.0,Impresa Edile ZANI Srl,329 091 7352,Lombardia,Como,http://impresazani.it/,,,
2026-05-04,Ottimale,100.0,Impresa Edile Noto G. Srl,031 522914,Lombardia,Como,http://www.notog.it/,,,
2026-05-04,Ottimale,100.0,IMPRESA EDILE EDILIENCO SAS,334 138 7255,Lombardia,Como,https://iencocostruzioni.com/,https://www.instagram.com/edilienco_sas,https://www.linkedin.com/company/edilienco-s-a-s,
2026-05-04,Ottimale,100.0,EBC Impianti | Elettricista a Como,334 339 1559,Lombardia,Como,https://www.ebcimpianti.it/,,,
2026-05-04,Ottimale,100.0,Valbasca impianti e costruzioni srl,031 282549,Lombardia,Como,http://www.valbasca.it/,,,
2026-05-04,Ottimale,90.0,impresa edile GL COSTRUZIONI,388 164 1249,Lombardia,Como,https://glcostruzioni.online/,,,
2026-05-04,Ottimale,90.0,Greco Costruzioni SRL - Impresa edile | Lake Como,366 133 5489,Lombardia,Como,https://www.greco-costruzioni.it/,https://www.instagram.com/grecocostruzioni_official,,
2026-05-04,Ottimale,90.0,IL PUNTO SERVICE - Edilizia Generale,338 150 4197,Lombardia,Como,https://www.ilpuntoservice-ediliziagenerale.com/,https://www.instagram.com/ilpuntoservice,,
2026-05-04,Ottimale,90.0,Molinaro Costruzioni Srl,031 497 2362,Lombardia,Como,http://www.molinarocostruzioni.it/,https://www.instagram.com/molinaro_costruzioni,https://www.linkedin.com/company/molinaro-costruzioni-scrl,
2026-05-04,Ottimale,90.0,Mazzucchi Costruzioni Srl,031 536432,Lombardia,Como,http://www.mazzucchicostruzioni.it/,https://www.instagram.com/mazzucchicostruzioni,https://www.linkedin.com/company/mazzucchi-costruzioni-srl,
2026-05-04,Ottimale,90.0,Butti Costruzioni,031 212595,Lombardia,Como,http://www.butticostruzioni.com/,,,
2026-05-04,Ottimale,90.0,CURTI COSTRUZIONI SRL - CURTI IMPRESA EDILE SRL,0344 50506,Lombardia,Como,http://www.impresacurti.com/,,,
2026-05-04,Ottimale,90.0,Tettamanti Impianti Srl,031 524065,Lombardia,Como,http://www.tettamantiimpiantisrl.com/,,,
2026-05-04,Ottimale,85.0,Nessi & Majocchi S.p.A.,031 278375,Lombardia,Como,http://www.nessimajocchi.it/,,,
2026-05-04,Ottimale,85.0,Edificatrice Società Cooperativa,031 268361,Lombardia,Como,https://edificatricecomo.it/,,,
2026-05-04,Ottimale,85.0,Idraulico Como 24H - Idraulico Pronto Intervento Economico in Zona Disotturazioni e Sanitrit,031 228 6372,Lombardia,Como,https://idraulicocomo.24e.it/,,,
2026-05-04,Ottimale,85.0,4BILD POINT COMO,031 242212,Lombardia,Como,https://www.4bild.it/,https://www.instagram.com/4bildcasa,,
2026-05-04,Ottimale,85.0,RESinnova Atelier Como,031 410 2330,Lombardia,Como,http://www.resinnovasrl.it/,https://www.instagram.com/resinnova_atelier,,
2026-05-04,Ottimale,85.0,Gc Gaffuri Clemente,031 427272,Lombardia,Como,https://www.gaffuri-materialiedili.com/,,,
2026-05-04,Ottimale,80.0,REVOLUTION COSTRUZIONI SRL COMO,320 211 9643,Lombardia,Como,http://revolutioncostruzioni.it/,,,
2026-05-04,Ottimale,80.0,B. e C. Impresa Edile,393 985 4767,Lombardia,Como,https://www.becimpresaedile.it/,,,
2026-05-04,Ottimale,80.0,Impresa Edile Tedesco,031 241635,Lombardia,Como,https://www.ediliziatedesco.it/,,,
2026-05-04,Ottimale,80.0,IMPRESA EDILE COMO,02 8219 7016,Lombardia,Como,http://impresaedilecimino.it/,,,
2026-05-04,Ottimale,80.0,Impresa Edile Palma Snc Di Palma Filippo & Giuseppe,031 282592,Lombardia,Como,https://edilepalma.it/,,,
2026-05-04,Ottimale,80.0,Castelli Costruzioni srl,031 307959,Lombardia,Como,http://www.castellicostruzioni.it/,http://instagram.com/castelli_costruzioni,,
2026-05-04,Ottimale,80.0,Impresa Edile Di Pettinato Pietro - Edilizia Professionale a Como,348 221 7831,Lombardia,Como,https://www.impresaedilepettinato.it/,,,
2026-05-04,Ottimale,80.0,Castiglioni Ing. Attilio Costruzioni Edili Srl,031 414 5629,Lombardia,Como,http://www.impresacastiglioni.it/,,,
2026-05-04,Ottimale,80.0,E.M.I. COSTRUZIONI,339 215 6012,Lombardia,Como,http://emicostruzioni.com/,,,
2026-05-04,Ottimale,80.0,Impresa edile George,350 999 3456,Lombardia,Como,https://impresaedilegeorge.it/,,,
2026-05-04,Ottimale,80.0,Edilabinti Costruzioni,031 632944,Lombardia,Como,https://www.edilabinticostruzioni.it/,,,
2026-05-04,Ottimale,80.0,Impresa Edile Valentini Angelo & C. Snc,031 931288,Lombardia,Como,https://www.impresaedilevalentini.com/,,,
2026-05-04,Ottimale,80.0,L.P. Group Costruzioni S.r.l.,329 211 7017,Lombardia,Como,http://www.lpgroupsrl.it/,,,
2026-05-04,Ottimale,80.0,Impresa Edile Mondelli Battista,031 304504,Lombardia,Como,https://www.impresaedilemondellibattista.it/,,,
2026-05-04,Ottimale,80.0,Terzaghi Costruzioni srl,031 890278,Lombardia,Como,http://www.impresaterzaghi.it/,,,
2026-05-04,Ottimale,80.0,Sace S.r.l. Società Appalti Costruzioni Edili - Impresa di costruzioni,031 970215,Lombardia,Como,http://www.sacecostruzioni.it/,,,
2026-05-04,Ottimale,80.0,DRD costruzioni s.r.l. | Ristrutturazioni e nuove costruzioni a Como,031 426534,Lombardia,Como,https://www.drdcostruzioni.com/,,,
2026-05-04,Ottimale,80.0,Studio Tecnico Ingegneria Impiantistica,031 505548,Lombardia,Como,https://www.ingegneriaimpiantistica.it/,,,
2026-05-04,Ottimale,80.0,MG Costruzioni,031 249 9015,Lombardia,Como,http://mg-costruzioni.com/,,,
2026-05-04,Ottimale,80.0,Posca Edilizia sas,031 787648,Lombardia,Como,http://www.poscaedilizia.com/,,,
2026-05-04,Ottimale,80.0,Masiero A. C. Costruzioni s.r.l.,031 711778,Lombardia,Como,http://www.masierocostruzioni.it/,,,
2026-05-04,Ottimale,80.0,Edilemme Sas Di Malfatti Roberto & C.,031 526699,Lombardia,Como,https://www.edilemme-strade.it/,https://www.instagram.com/edilemme_strade,,
2026-05-04,Ottimale,80.0,Coperture Lariane,031 687 1430,Lombardia,Como,http://www.coperturelariane.it/,,https://www.linkedin.com/in/ranieri-paladino-497b2b62,
2026-05-04,Ottimale,75.0,Edil Ge.Mi. Srl,031 283792,Lombardia,Como,https://www.edilgemi.it/,https://www.instagram.com/edilgemi_costruzioni,https://www.linkedin.com/in/antonio-soggia-96208462,
2026-05-04,Ottimale,75.0,EDILARTE Sagl,079 922 86 63,Lombardia,Como,http://www.edilarte.ch/,https://www.instagram.com/edilarte.ch,,
2026-05-04,Ottimale,75.0,Ance Como - Associazione Nazionale Costruttori Edili Como,031 331 3711,Lombardia,Como,https://ancecomo.it/,,,
2026-05-04,Ottimale,75.0,Fratelli Lo cicero,031 770454,Lombardia,Como,https://www.impresalocicero.it/,,,
2026-05-04,Alto,65.0,V.V.B. S.r.l.,031 623 9603,Lombardia,Como,http://www.impresavvb.it/,,,
2026-05-04,Alto,65.0,Edil Daut,320 188 4646,Lombardia,Como,https://edildaut.it/,,,
2026-05-04,Alto,65.0,Do.ni. Srl,031 718 6619,Lombardia,Como,http://donisrl.it/,,,
2026-05-04,Alto,65.0,TARTABINI S.R.L. - Construction & Renovation,329 691 2825,Lombardia,Como,https://www.tartabinisrl.it/,,,
2026-05-04,Alto,65.0,Selva Mercurio S.R.L.,031 263552,Lombardia,Como,https://www.selvamercurio.com/,,,
2026-05-04,Alto,65.0,Francesco Macheda Costruzioni,,Lombardia,Como,http://www.francescomacheda.it/,,,
2026-05-04,Alto,65.0,Belluschi 1911,031 590760,Lombardia,Como,http://www.belluschi.it/,,,
2026-05-04,Alto,65.0,OESSE CASA srls,388 744 3347,Lombardia,Como,https://www.rifacimentobagni.com/,,,
2026-05-04,Alto,65.0,Mondelli Battista,031 304504,Lombardia,Como,https://www.impresamondelli.it/,,,
2026-05-04,Alto,65.0,Bissolotti Ruggero,338 678 1606,Lombardia,Como,http://ruggerobissolotti6.wixsite.com/impresabissolotti,,,
2026-05-04,Alto,65.0,Acrobatica Como,800 826 969,Lombardia,Como,https://ediliziacrobatica.com/?utm_source=google&utm_medium=gmb&arrivo=gmb,https://www.instagram.com/acrobatica_,https://www.linkedin.com/company/acrobatica-by-ediliziacrobatica,
2026-05-04,Alto,60.0,Costruzioni Todarello S.n.c.,339 445 3754,Lombardia,Como,,,,
2026-05-04,Alto,60.0,DEL FANTE s.r.l. COSTRUZIONI E RISTRUTTURAZIONI EDILI,340 171 3217,Lombardia,Como,,,,
2026-05-04,Alto,60.0,Scuffi Costruzioni Srl,031 490663,Lombardia,Como,,,,
2026-05-04,Alto,55.0,Impresa Edile Gregorini,335 839 3440,Lombardia,Como,https://www.impresaedilegregorini.it/,,,
2026-05-04,Alto,55.0,Greco Costruzioni SRL - Impresa edile | Lake Como,366 133 5489,Lombardia,Como,https://www.greco-costruzioni.it/,https://www.instagram.com/grecocostruzioni_official,,
2026-05-04,Alto,55.0,Orso Srl - Impresa edile Como,347 344 6625,Lombardia,Como,http://www.orsocostruzioni.it/,https://www.instagram.com/orso_costruzioni,,
2026-05-04,Alto,55.0,M.M. Impianti Elettrici Como,335 522 0931,Lombardia,Como,https://www.mmimpiantielettrici.it/impianti-elettrici-industriali-a-como-e-varese,,,
2026-05-04,Alto,55.0,Ideal Scavi,392 184 3405,Lombardia,Como,,,,
2026-05-04,Alto,55.0,Maspedil,031 627472,Lombardia,Como,https://www.maspedil.it/,,,
2026-05-04,Alto,55.0,Impresa Edile Riahi Anis,349 797 0538,Lombardia,Como,http://impresaedileanis.it/,,,
2026-05-04,Alto,55.0,L’Altra Dimensione Ristrutturazioni,348 797 7977,Lombardia,Como,https://www.ristrutturazionecasalaltradimensione.it/,,,
2026-05-04,Alto,55.0,NEGRI E BRENNA COSTRUZIONI EDILI,031 200117,Lombardia,Como,https://www.negriebrenna.eu/,https://www.instagram.com/negriebrennasrl,,
2026-05-05,Ottimale,100.0,Colombo Costruzioni Spa,0341 363464,Lombardia,Lecco,http://www.colombo-costruzioni.it/,https://www.instagram.com/colombo_costruzioni,https://www.linkedin.com/company/colombo-costruzioni,
2026-05-05,Ottimale,100.0,Ristrutturazioni Lecco • Ad Property,0341 179 0065,Lombardia,Lecco,https://www.adproperty.it/,,,
2026-05-05,Ottimale,100.0,Edil Corapi - Ristrutturazioni Chiavi in mano,333 854 4614,Lombardia,Monza,http://www.ristrutturazionimonzabrianza.com/,,,
2026-05-05,Ottimale,100.0,"EDIL COSTRUZIONI VITALE SRL | Ristrutturazione Bagni, Cucine e Appartamenti",348 729 3032,Lombardia,Monza,https://edilcostruzionivitale.it/,,https://www.linkedin.com/company/edil-costruzioni,
2026-05-05,Ottimale,100.0,Ristrutturazioni Monza e Brianza | Casa AeB,039 463853,Lombardia,Monza,http://www.casaaeb.it/,,,
2026-05-05,Ottimale,100.0,AREA EDILE s.r.l.,039 578 0238,Lombardia,Monza,http://www.areaedilesrl.com/,https://www.instagram.com/areaedile,,
2026-05-05,Ottimale,100.0,"H2 Costruzioni Ristrutturazione appartamenti, uffici, condomini Monza, Milano",0362 182 0313,Lombardia,Monza,https://h2costruzioni.com/,,https://www.linkedin.com/company/h2costruzioni,
2026-05-05,Ottimale,100.0,Quitech Costruzioni s.r.l.,393 095 7282,Lombardia,Monza,https://www.facebook.com/QuitechCostruzioni/,,,
2026-05-05,Ottimale,100.0,Edilmultiservizi S.r.l. - Ristrutturazioni d'autore,039 794619,Lombardia,Monza,https://www.edilmultiservizi.it/,,,
2026-05-05,Ottimale,100.0,Giunta Luigi Impianti Elettrici,039 200 4507,Lombardia,Monza,https://giuntaluigi.it/,,,
2026-05-05,Ottimale,100.0,Gravina Impianti Srl,039 322789,Lombardia,Monza,https://www.facebook.com/gravinaimpianti,,,
2026-05-05,Ottimale,100.0,Palma Ristrutturazioni impresa edile Seregno,351 843 1274,Lombardia,Monza,https://www.palmaristrutturazioni.it/,https://www.instagram.com/palma_ristrutturazioni,,
2026-05-05,Ottimale,100.0,"Palma Ristrutturazioni Impresa Edile Cinisello Balsamo, Milano",351 843 1274,Lombardia,Monza,http://www.palmaristrutturazioni.it/,https://www.instagram.com/palma_ristrutturazioni,,
2026-05-05,Ottimale,100.0,Nuova Edil Costruzioni dal 1978,02 8723 8167,Lombardia,Monza,https://www.nuovaedilcostruzioni.com/,https://www.instagram.com/nec.ristrutturaresenzapensieri,,
2026-05-05,Ottimale,100.0,NLS IMPRESA EDILE,334 719 8572,Lombardia,Monza,http://nlsristrutturazioni.com/,,,
2026-05-05,Ottimale,100.0,Ristrutturazione appartamenti Sesto San Giovanni - Edil Corapi,333 854 4614,Lombardia,Monza,http://www.ristrutturazionesestosangiovanni.it/,,,
2026-05-05,Ottimale,100.0,FM Ristrutturazioni,335 120 3918,Lombardia,Monza,https://www.fmristrutturazioni.com/,,,
2026-05-05,Ottimale,100.0,Impresa Edile Rinnovo Ambienti,039 291 2497,Lombardia,Monza,https://www.rinnovoambienti.it/,https://www.instagram.com/rinnovoambientisrl,,
2026-05-05,Ottimale,90.0,Bianchi Costruzioni (S.R.L.),0341 230406,Lombardia,Lecco,https://bianchicostruzioni.it/,,,
2026-05-05,Ottimale,90.0,SR termoimpianti srl,0341 494498,Lombardia,Lecco,http://www.srtermoimpianti.it/,,,
2026-05-05,Ottimale,90.0,Meles Impianti Elettrici Di Massimo Petrella S.R.L.,0341 496217,Lombardia,Lecco,http://www.meles.it/,,,
2026-05-05,Ottimale,90.0,Palma Ristrutturazioni impresa edile Monza,351 843 1274,Lombardia,Monza,https://www.palmaristrutturazioni.it/,https://www.instagram.com/palma_ristrutturazioni,,
2026-05-05,Ottimale,90.0,EDILIZIA OTTAVIANO SRL,334 372 0211,Lombardia,Monza,https://www.ediliziaottaviano.com/,,,
2026-05-05,Ottimale,90.0,R.B.A. di Barbuto Andrea Rocco. Edilizia,328 202 7226,Lombardia,Monza,http://rba-edilizia.it/,,,
2026-05-05,Ottimale,90.0,Impresa Edile N&D Colori Monza Brianza,327 267 9181,Lombardia,Monza,https://localizzaperdite.it/,,,
2026-05-05,Ottimale,90.0,Impresa Edile Fratelli Faletra Srl,039 482629,Lombardia,Monza,http://www.impresafaletra.it/,,,
2026-05-05,Ottimale,90.0,Ristrutturazioni Appartamenti Bagni Monza Brianza - Edil Begolli SNC,380 634 6340,Lombardia,Monza,https://ristrutturazioniedilbegolli.it/,https://www.instagram.com/edilbegolli.s.n.c,,
2026-05-05,Ottimale,90.0,Multimpianti Sas,039 202 5034,Lombardia,Monza,http://www.multimpianti.it/,,,
2026-05-05,Ottimale,90.0,SM IMPIANTI di Sangalli Mauro,331 563 5295,Lombardia,Monza,https://sm-impianti.com/,https://www.instagram.com/smimpianti_elettricista,,
2026-05-05,Ottimale,90.0,Ristrutturazioni appartamenti Cinisello Balsamo Edil Corapi,333 854 4614,Lombardia,Monza,http://www.ristrutturazionecinisellobalsamo.it/,,,
2026-05-05,Ottimale,90.0,ARIETTI ENGINEERING | Costruzioni e Ristrutturazioni chiavi in mano con Imprese Edili tra Milano e Brescia,02 8287 6421,Lombardia,Monza,http://ariettiengineering.com/,,,
2026-05-05,Ottimale,90.0,Nuova Edil Costruzioni Srl,0362 368159,Lombardia,Monza,http://www.nuovaedil.it/,https://www.instagram.com/nuovaedil_costruzioni,,
2026-05-05,Ottimale,90.0,Sala Costruzioni Srl,035 792300,Lombardia,Monza,http://www.salacostruzioni.it/,,,
2026-05-05,Ottimale,85.0,Galli Franco Sas - Materiali Edili a Lecco,0341 362529,Lombardia,Lecco,https://www.ediliziagallilecco.it/,https://www.instagram.com/galli.franco.edilizia,,
2026-05-05,Ottimale,85.0,MBM OPERE EDILI di Mazzoleni Luca e C. snc,0341 504097,Lombardia,Lecco,http://www.mbmopereedili.com/,https://www.instagram.com/mbm_opere_edili,https://www.linkedin.com/in/luca-mazzoleni-8015b75b,
2026-05-05,Ottimale,85.0,Invernizzi Luciano & Figli Spa | Lecco,0341 420209,Lombardia,Lecco,https://www.invernizzilecco.com/,https://www.instagram.com/invernizzi_lecco,,
2026-05-05,Ottimale,85.0,Edilfava s.r.l.,039 202 7127,Lombardia,Monza,https://www.edilfavasrl.it/,,,
2026-05-05,Ottimale,85.0,Edil Carnelli srl,039 291 6346,Lombardia,Monza,https://edilcarnelli.it/,https://www.instagram.com/edilcarnelli,,
2026-05-05,Ottimale,85.0,Milesi Srl,039 380543,Lombardia,Monza,http://www.impresamilesi.com/,,,
2026-05-05,Ottimale,85.0,Emmeci,039 291 0727,Lombardia,Monza,https://www.emmeciecosrl.com/,,,
2026-05-05,Ottimale,85.0,"Aca Idraulica - idraulico 24 ore su 24, disotturazione, riparazioni",337 375 188,Lombardia,Monza,https://www.acaidraulica.com/,,,
2026-05-05,Ottimale,85.0,Salka Idraulico Monza,339 193 3777,Lombardia,Monza,https://idraulicomilanoh24.it/idraulico-monza/,https://www.instagram.com/salkamilano,,
2026-05-05,Ottimale,85.0,Comini s.r.l. Vendita ingrosso/dettaglio,039 942 0030,Lombardia,Monza,http://www.comini.eu/it/corporate/dove-siamo,,,
2026-05-05,Ottimale,85.0,Idraulico Monza 24H - Idraulico Pronto Intervento Economico in Zona Disotturazioni e Sanitrit,039 894 6782,Lombardia,Monza,https://idraulicomonza.24e.it/,,,
2026-05-05,Ottimale,85.0,Eurovit,039 390 0684,Lombardia,Monza,http://www.eurovitrubinetterie.com/,,,
2026-05-05,Ottimale,85.0,Gecko Edil Company srl,370 703 0361,Lombardia,Monza,http://www.geckoedilcompany.com/,,,
2026-05-05,Ottimale,85.0,G.AL.EDIL SRLS,333 942 1740,Lombardia,Monza,https://www.galedil.it/,https://www.instagram.com/galedil_,,
2026-05-05,Ottimale,85.0,Edilcasa Srl,02 242 9639,Lombardia,Monza,https://www.edilcasasrl.net/,,,
2026-05-05,Ottimale,85.0,Nuova Edil Milano Dinnoo SRL - ShowRoom,02 2952 7888,Lombardia,Monza,https://www.nuovaedilmilanodinnoo.it/,https://www.instagram.com/nuova_edil_milano,,
2026-05-05,Ottimale,85.0,Ristruttura Interni S.r.l.,351 916 8121,Lombardia,Monza,https://www.ristrutturainterni.com/,https://www.instagram.com/ristrutturainterni,https://www.linkedin.com/company/ristruttura-interni,
2026-05-05,Ottimale,80.0,Impresa Edile Garda Quinto,0341 421179,Lombardia,Lecco,http://www.gqimpresaedile.it/,,,
2026-05-05,Ottimale,80.0,Corti Costruzioni Srl,0341 286312,Lombardia,Lecco,http://www.corti.it/,,,
2026-05-05,Ottimale,80.0,Impresa Edile C&C Srl,0341 081969,Lombardia,Lecco,https://impresacec.it/,,,
2026-05-05,Ottimale,80.0,Airoldi Edilizia,0341 284748,Lombardia,Lecco,http://www.airoldiedilizia.com/,,,
2026-05-05,Ottimale,80.0,Valassi Costruzioni S.R.L.,0341 369100,Lombardia,Lecco,http://www.valassi-costruzioni.it/,,,
2026-05-05,Ottimale,80.0,Pianeta Edilizia,348 364 0748,Lombardia,Lecco,https://pianetaedilizia.net/,,,
2026-05-05,Ottimale,80.0,Micheli Costruzioni s.r.l di Micheli Graziano,339 103 5041,Lombardia,Lecco,https://www.michelicostruzioni.it/,,,
2026-05-05,Ottimale,80.0,Impresa Edile Piazza Carlo & C. Srl,0341 980355,Lombardia,Lecco,http://www.impresapiazza.it/,,,
2026-05-05,Ottimale,80.0,Corti Costruzioni,0341 540382,Lombardia,Lecco,http://www.corti.it/,,,
2026-05-05,Ottimale,80.0,M. & C. Rosario S.N.C. Di Geom. Claudio & Marco Rosario Maria,0341 499170,Lombardia,Lecco,http://www.mcrosario.it/,,,
2026-05-05,Ottimale,80.0,Ristrutturazione Chiavi in Mano - Uaus,0341 179 0070,Lombardia,Lecco,https://uaus.it/,,,
2026-05-05,Ottimale,80.0,Impresa Edile Giordano Srl,0341 591463,Lombardia,Lecco,https://impresaedilegiordano.com/,,,
2026-05-05,Ottimale,80.0,Aldeghi Impianti Srl,0341 284716,Lombardia,Lecco,http://www.aldeghi-impianti.it/,,,
2026-05-05,Ottimale,80.0,BORGHETTI IMPIANTI,0341 169 1801,Lombardia,Lecco,https://www.borghetti-impianti.it/,,,
2026-05-05,Ottimale,80.0,I.E.A. srl - Impianti elettrici,0341 367567,Lombardia,Lecco,https://www.ieasrl.com/,,https://www.linkedin.com/company/iea-impiantielettrici,
2026-05-05,Ottimale,80.0,EL.LE.A. Snc. Impianti Elettrici,0341 360758,Lombardia,Lecco,http://elleaimpianti.it/,,,
2026-05-05,Ottimale,80.0,Mayaplast Ristrutturazione Edile,320 276 2773,Lombardia,Lecco,https://www.mayaplast.it/,,,
2026-05-05,Ottimale,80.0,Krista Costruzioni SRL,349 353 4732,Lombardia,Lecco,http://www.impresakrista.com/,,,
2026-05-05,Ottimale,80.0,Valsecchi Costruzioni Srl,031 655370,Lombardia,Lecco,http://www.costruzionivalsecchi.it/,,,
2026-05-05,Ottimale,80.0,Brusadelli Costruzioni Srl,031 657794,Lombardia,Lecco,http://www.costruzionibrusadelli.it/,,,
2026-05-05,Ottimale,80.0,Edilizia Alta Brianza,348 475 0119,Lombardia,Lecco,https://www.ediliziaaltabrianza.it/,,,
2026-05-05,Ottimale,80.0,FF Ristrutturazioni e Impianti SRL,329 383 6727,Lombardia,Monza,https://ffcostruzioni.com/,,,
2026-05-05,Ottimale,80.0,H&M RISTRUTTURAZIONI S.R.L.,329 844 5023,Lombardia,Monza,https://hmristrutturazioni.site/,,,
2026-05-05,Ottimale,80.0,Impresa Edile Bertolazzi Srl,039 690 8026,Lombardia,Monza,http://www.impresabertolazzi.it/,,,
2026-05-05,Ottimale,80.0,Libra Costruzioni,039 232 6883,Lombardia,Monza,http://www.libracostruzioni.com/,,,
2026-05-05,Ottimale,80.0,GRUPPO TURIANO COSTRUZIONI - Showroom Ristrutturazioni,02 4976 2015,Lombardia,Monza,https://turianocostruzioni.com/,,,
2026-05-05,Ottimale,80.0,P&P Costruzioni,338 443 2968,Lombardia,Monza,https://ppcostruzioni.it/,,,
2026-05-05,Ottimale,80.0,D.M.D.Costruzioni S.r.l.,0371 383 1113,Lombardia,Monza,https://dmdcostruzionisrl.com/,,,
2026-05-05,Ottimale,80.0,Tecnozeta srl - Impianti di Riscaldamento Monza,039 740593,Lombardia,Monza,https://www.tecnozeta.net/,,,
2026-05-05,Ottimale,80.0,Egiservice Ristrutturazioni,329 036 6060,Lombardia,Monza,http://egiserviceristrutturazioni.it/,,,
2026-05-05,Ottimale,80.0,Edilimpianti Srl,039 493106,Lombardia,Monza,http://www.edilimpiantisrl.it/,,,
2026-05-05,Ottimale,80.0,RR Edilizia,335 635 9975,Lombardia,Monza,http://rredilizia.com/,https://www.instagram.com/rredilizia,,
2026-05-05,Ottimale,80.0,Progettazione e Ristrutturazione Appartamenti- Chiavi in mano di Trestian Andrian,327 186 5969,Lombardia,Monza,https://ristrutturazionecasaandrian.it/,,,
2026-05-05,Ottimale,80.0,SI.GE.CO Costruzioni S.r.l.,039 287 8389,Lombardia,Monza,http://www.sigecogroup.com/,,,
2026-05-05,Ottimale,80.0,P M Costruzioni S A S,335 825 9738,Lombardia,Monza,http://www.pmcostruzionisas.it/,,,
2026-05-05,Ottimale,80.0,Edil Ad Costruzioni s.a.s. di Simoun Ad,334 788 2890,Lombardia,Monza,http://edilad.it/,,,
2026-05-05,Ottimale,75.0,Fratelli Ramaj,0341 286714,Lombardia,Lecco,http://www.fratelliramaj.it/,,,
2026-05-05,Ottimale,75.0,Nuova TS&C s.r.l.,0341 188 1763,Lombardia,Lecco,http://www.tsccostruzioni.it/,,,
2026-05-05,Ottimale,75.0,Genma Srl Unipersonale,335 715 8609,Lombardia,Monza,http://www.genma.it/,,,
2026-05-05,Ottimale,75.0,Muratore Monza,340 981 1705,Lombardia,Monza,http://muratoremonza.it/,,,
2026-05-05,Ottimale,75.0,CasaEnergetica,800 589 245,Lombardia,Monza,https://green.casaenergetica.it/,,,
2026-05-05,Ottimale,75.0,Edilbergamasca,039 832384,Lombardia,Monza,https://www.edilbergamasca.it/,,,
2026-05-05,Ottimale,75.0,Seli manutenzioni generali srl,039 362740,Lombardia,Monza,http://www.seli.com/,https://www.instagram.com/seli.manutenzioni.generali,,
2026-05-05,Ottimale,75.0,Falduto F.lli Srl,039 200 2302,Lombardia,Monza,http://www.faldutofratelli.it/,,,
2026-05-05,Ottimale,75.0,ASG S.R.L.S. PRONTO INTERVENTO 24H 7/7,348 173 2164,Lombardia,Monza,https://asg-s-r-l.it/,,,
2026-05-05,Ottimale,75.0,Termotecnica Monzese | SMIT Group,039 202 2220,Lombardia,Monza,https://www.caldaieriscaldamentomonza.it/,https://www.instagram.com/termotecnica_monzese,,
2026-05-05,Ottimale,75.0,Smartwatt Srl,039 226 7611,Lombardia,Monza,https://www.smartwatt.it/,,,
2026-05-05,Ottimale,75.0,SEI Luxury Projects,02 8128 4136,Lombardia,Monza,http://www.seiluxury.it/,https://www.instagram.com/seiluxuryprojects,https://www.linkedin.com/company/seiluxury,
2026-05-05,Alto,70.0,Blu Costruzioni S.R.L.,0341 497162,Lombardia,Lecco,http://www.blucostruzioni.com/,,,
2026-05-05,Alto,70.0,Costruzioni Edili Sangiorgio srl,031 851474,Lombardia,Lecco,http://www.coedsangiorgio.it/,https://www.instagram.com/costruzioniedilisangiorgio,https://www.linkedin.com/company/costruzioniedilisangiorgiosrl,
2026-05-05,Alto,70.0,Malacrida Ambiente Sviluppo E Costruzioni Srl,039 578 8107,Lombardia,Monza,,,,
2026-05-05,Alto,65.0,Impresa Pietro Carsana & C. Srl,0341 493040,Lombardia,Lecco,http://www.carsana.it/,,,
2026-05-05,Alto,65.0,CpC immobiliare srls,333 891 8423,Lombardia,Lecco,http://www.cpcimmobiliare.it/,,,
2026-05-05,Alto,65.0,Tentori Alessandro Srl,0341 286065,Lombardia,Lecco,http://www.tentorialessandro.com/,https://www.instagram.com/tentorialessandro,,
2026-05-05,Alto,65.0,Edilpanzeri Srl,0341 541692,Lombardia,Lecco,http://www.edilpanzeri.it/,https://www.instagram.com/edilpanzeri.srl,,
2026-05-05,Alto,65.0,Savai S.r.l.,0341 583978,Lombardia,Lecco,http://www.savai.it/,,,
2026-05-05,Alto,65.0,Patra Group S.r.l.,0341 592194,Lombardia,Lecco,https://patragroup.it/,https://www.instagram.com/patragroup.it,,
2026-05-05,Alto,65.0,Villa & Spreafico srl,0341 494411,Lombardia,Lecco,https://villa-spreafico.it/,,,
2026-05-05,Alto,65.0,Loreto Srl,0341 368153,Lombardia,Lecco,http://www.bellagioview.com/,,,
2026-05-05,Alto,65.0,EPS Energy Pro System | SMIT Group,0341 287840,Lombardia,Lecco,http://www.epslecco.it/,,,
2026-05-05,Alto,65.0,Termoidraulica Invernizzi Giorgio,0341 250904,Lombardia,Lecco,https://www.termoidraulicainvernizzi.com/,,,
2026-05-05,Alto,65.0,R.M. di Memeo Raffaele,346 318 3766,Lombardia,Lecco,http://www.rmicostruzioni.com/,,,
2026-05-05,Alto,65.0,Impresa Ing. Galbiati SpA,039 387741,Lombardia,Monza,http://www.impresagalbiati.it/,,,
2026-05-05,Alto,65.0,Edil General Service,329 925 9827,Lombardia,Monza,https://generalservice.altervista.org/,,,
2026-05-05,Alto,65.0,Impresa Ongaro S.A.S Di G.Ongaro & C.,039 202 6302,Lombardia,Monza,http://www.impresaongaro.it/,https://www.instagram.com/impresa_ongaro_monza,,
2026-05-05,Alto,65.0,Impresa Di Giacomo Srl,039 278 1297,Lombardia,Monza,http://www.impresadigiacomo.com/,,,
2026-05-05,Alto,65.0,SOLUZIONI EDIL SRL,320 463 0863,Lombardia,Monza,https://www.soluzioniedil.it/,,,
2026-05-05,Alto,65.0,Solea,039 492195,Lombardia,Monza,https://www.soleasrl.net/,,,
2026-05-05,Alto,65.0,LimpidaGroup,334 315 2883,Lombardia,Monza,https://www.limpidagroup.com/,,,
2026-05-05,Alto,65.0,Edil Vi.Spa. Srl,039 278 5561,Lombardia,Monza,http://www.edilvispa.it/,https://www.instagram.com/edilvispa_,https://www.linkedin.com/company/edil-vi-spa-srl,
2026-05-05,Alto,65.0,IMPRECOM SRL,039 909 3170,Lombardia,Monza,https://imprecomsrl.it/,,https://www.linkedin.com/company/14793443,
2026-05-05,Alto,65.0,Edil Pro Italy,379 146 9527,Lombardia,Monza,https://edilproitaly.wixsite.com/edil-pro-italy,,,
2026-05-05,Alto,65.0,Idraulico Monza Assistenza Caldaie,039 911 1201,Lombardia,Monza,http://idraulico-monza.it/,https://www.instagram.com/idraulicomonza,,
2026-05-05,Alto,65.0,ENERGY HOME | Elettricista Monza e Brianza,347 745 3826,Lombardia,Monza,https://www.energyhomebrianza.it/,,,
2026-05-05,Alto,65.0,RCIDRO Srl,335 684 0984,Lombardia,Monza,http://www.rcidrosrl.it/,,,
2026-05-05,Alto,65.0,Imemont Srl,039 278 3036,Lombardia,Monza,http://www.imequadriduestelle.it/impianti/imemont.html,,https://www.linkedin.com/company/lmemont,
2026-05-05,Alto,65.0,Condizionatori Monza | Installazione e Manutenzione |N.C. Termoidraulica,334 564 2703,Lombardia,Monza,https://www.nctermoidraulica.it/assistenza-condizionatori-monza,,,
2026-05-05,Alto,65.0,Sagi Energia S.R.L.,039 837790,Lombardia,Monza,https://www.sagienergia.it/,,,
2026-05-05,Alto,65.0,Milano Condensazione S.r.l.,039 272 6362,Lombardia,Monza,https://it-it.facebook.com/MilanoCondensazioneSrl/,,,
2026-05-05,Alto,65.0,EDIL IVAN MONZA,392 014 7955,Lombardia,Monza,https://www.edilmonzaivan.it/,,,
2026-05-05,Alto,65.0,re-BUILDING | A+ | Servizi edili qualificati a referente unico,039 636 2841,Lombardia,Monza,https://www.re-building.it/,,,
2026-05-05,Alto,65.0,Edil Progress Srl,039 245 8511,Lombardia,Monza,https://edilprog.it/,,,
2026-05-05,Alto,65.0,Arte Casa Design S.R.L.S,335 459 694,Lombardia,Monza,http://www.artecasadesign.com/,,,
2026-05-05,Alto,60.0,Piantanida Costruzioni,0341 576095,Lombardia,Lecco,,,,
2026-05-05,Alto,60.0,Balossi Mario Costruzioni Srl,0341 285829,Lombardia,Lecco,,,,
2026-05-05,Alto,60.0,Ri-Lan Costruzioni Edili Srl,0341 680392,Lombardia,Lecco,,,,
2026-05-05,Alto,60.0,Fr.impianti Elettrici,0341 286257,Lombardia,Lecco,,,,
2026-05-05,Alto,60.0,Natan Impresa Di Costruzioni Srl,039 736144,Lombardia,Monza,,,,
2026-05-05,Alto,60.0,Melzi Costruzioni Srl,039 320468,Lombardia,Monza,,,,
2026-05-05,Alto,60.0,CERIZZA IMPIANTI DI CERIZZA OSVALDO,039 202 1938,Lombardia,Monza,,,,
2026-05-05,Alto,60.0,Costruzioni Edilizia International services,388 184 1920,Lombardia,Monza,,,,
2026-05-05,Alto,60.0,GPM Costruzioni,039 232 2127,Lombardia,Monza,,,,
2026-05-05,Alto,55.0,ogedilizia srls,338 905 0006,Lombardia,Lecco,http://www.ristrutturazionebagniecucine.com/,,,
2026-05-05,Alto,55.0,Ristrutturazioni edili lecco - Montanelli Franco,340 770 1969,Lombardia,Lecco,https://impresaedilemontanelli.it/,,,
2026-05-05,Alto,55.0,Frigerio Agostino Costruzioni Srl,0341 201208,Lombardia,Lecco,http://facostruzioni.it/,,,
2026-05-05,Alto,55.0,Gilardi Costruzioni Srl,0341 285466,Lombardia,Lecco,http://www.gilardicostruzioni.it/,,,
2026-05-05,Alto,55.0,IMPRESA BOLIS AURELIO,0341 367434,Lombardia,Lecco,,,,
2026-05-05,Alto,55.0,Studio Ingegneria Impiantistica,0341 282334,Lombardia,Lecco,https://www.ingegneriaimpiantistica.it/,,,
2026-05-05,Alto,55.0,Vitali Michele Impianti Elettrici Lecco,0341 284267,Lombardia,Lecco,http://www.michelevitali.it/,,,
2026-05-05,Alto,55.0,F.V. Costruzioni S.R.L.,039 730084,Lombardia,Monza,https://www.fv-costruzioni.com/,,,
2026-05-05,Alto,55.0,Elettricista Monza,392 392 4155,Lombardia,Monza,https://elettricistamonzabrianza.com/,,,
2026-05-05,Alto,55.0,Pisani Impianti Tecnologici,393 895 6368,Lombardia,Monza,https://www.impiantitecnologicipisani.it/,https://www.instagram.com/pisani_impianti_tecnologici,,
2026-05-05,Alto,55.0,Area Solution S.R.L.,039 832092,Lombardia,Monza,https://areasolution.eu/,,,
2026-05-05,Alto,55.0,Ecoproject S.R.L.,338 942 4254,Lombardia,Monza,http://www.ecoprojectsrl.com/,,,
2026-05-06,Ottimale,100.0,Preve Costruzioni S.P.A.,0171 752601,Piemonte,Cuneo,http://www.prevecostruzioni.com/,,,
2026-05-06,Ottimale,100.0,Giuggia Costruzioni,0174 597529,Piemonte,Cuneo,http://www.giuggia.com/,,,
2026-05-06,Ottimale,100.0,Edilizia Novarese Snc di Barra M. & C.,0172 94123,Piemonte,Cuneo,http://www.edilizianovarese.com/,,,
2026-05-06,Ottimale,90.0,Fantino Costruzioni Spa,0171 692810,Piemonte,Cuneo,https://www.fantinospa.it/,https://www.instagram.com/fantino_costruzioni_impresa,https://www.linkedin.com/company/fantino-costruzioni-s,
2026-05-06,Ottimale,90.0,Pianfei Costruzioni,338 481 8837,Piemonte,Cuneo,http://www.pianfeicostruzioni.it/,https://www.instagram.com/pianfeicostruzionisrl,,
2026-05-06,Ottimale,90.0,Ghirardi Ristrutturazioni,335 527 0976,Piemonte,Cuneo,http://www.ghirardisrl.it/,,,
2026-05-06,Ottimale,90.0,Impresa Edile Sordello,392 581 2301,Piemonte,Cuneo,https://www.impresaedilesordello.com/?utm_source=google&utm_medium=organic&utm_campaign=mybusiness,,,
2026-05-06,Ottimale,90.0,Editel S.p.a. - Impresa di Costruzioni,0174 788100,Piemonte,Cuneo,https://www.editelspa.it/,https://www.instagram.com/editelspa,https://www.linkedin.com/company/editel-impresa-di-costruzioni,
2026-05-06,Ottimale,90.0,Ramondetti Impianti Srl,0174 585860,Piemonte,Cuneo,http://www.ramondetti.it/,,,
2026-05-06,Ottimale,85.0,"MEI Controsoffitti, cartongesso, isolamenti",328 643 8548,Piemonte,Cuneo,https://www.meicontrosoffitti.it/,https://www.instagram.com/mei_controsoffitticartongesso,,
2026-05-06,Ottimale,85.0,Giordano & C. Spa,0171 381201,Piemonte,Cuneo,https://www.giordanocompany.it/,,,
2026-05-06,Ottimale,80.0,Impresa Edile Ponzo,0171 402368,Piemonte,Cuneo,http://www.impresaponzo.it/,,,
2026-05-06,Ottimale,80.0,Fantino Costruzioni (S.P.A.),0171 611481,Piemonte,Cuneo,https://www.fantinospa.it/,https://www.instagram.com/fantino_costruzioni_impresa,https://www.linkedin.com/company/fantino-costruzioni-s,
2026-05-06,Ottimale,80.0,Silato Costruzioni di Silato Ugo,335 546 0654,Piemonte,Cuneo,https://www.silatocostruzioni.it/,,https://www.linkedin.com/in/ugo-silato,
2026-05-06,Ottimale,80.0,Edilmargaria Impresa Edile,348 370 6810,Piemonte,Cuneo,http://www.edilmargaria.com/,https://www.instagram.com/edilmargaria,,
2026-05-06,Ottimale,80.0,Cuneo Edile,0171 689003,Piemonte,Cuneo,http://www.cuneocalcestruzzi.com/,,,
2026-05-06,Ottimale,80.0,BERGAMINO COSTRUZIONI S.R.L.,0172 696240,Piemonte,Cuneo,http://www.bergaminocostruzioni.it/,,,
2026-05-06,Ottimale,80.0,Edil Costruzioni Srl,0175 72238,Piemonte,Cuneo,https://www.edilcostruzioni-cn.it/,,,
2026-05-06,Ottimale,80.0,Costamagna Costruzioni,0174 66167,Piemonte,Cuneo,http://www.costamagnacostruzioni.it/,,,
2026-05-06,Ottimale,80.0,La Passatore Costruzioni Srl,0171 682719,Piemonte,Cuneo,https://lapassatore.it/,,,
2026-05-06,Ottimale,80.0,Sola Costruzioni s.r.l.,0171 403564,Piemonte,Cuneo,http://www.solacostruzioni.it/,,,
2026-05-06,Ottimale,80.0,Sangallo Bioedilizia,0171 480582,Piemonte,Cuneo,http://www.bioediliziasangallo.it/,,,
2026-05-06,Ottimale,80.0,Aimo Costruzioni,339 246 5960,Piemonte,Cuneo,https://aimocostruzioni.it/,,,
2026-05-06,Ottimale,80.0,EsseBiEdil - Ristrutturazioni,340 781 2928,Piemonte,Cuneo,http://www.essebiedil.it/,,,
2026-05-06,Ottimale,80.0,Dutto Impianti,335 536 4378,Piemonte,Cuneo,https://duttoimpiantielettrici.it/,,,
2026-05-06,Ottimale,80.0,AM IMPIANTI ELETTRICI,329 226 8323,Piemonte,Cuneo,https://www.amimpiantielettricisrl.it/,,,
2026-05-06,Ottimale,80.0,"Parola Impianti srl di Parola, Secchino e Tassone",348 223 2405,Piemonte,Cuneo,https://www.parolaimpianti.it/,,,
2026-05-06,Ottimale,80.0,Brignone Impianti,0171 946087,Piemonte,Cuneo,http://www.brignoneimpianti.it/,,,
2026-05-06,Ottimale,80.0,Elettroworld di Bottasso Cristian - Impianti Civili e Industriali Automatismi e Antincendio a Cuneo,0171 187 6098,Piemonte,Cuneo,http://www.elettroworld.net/,,,
2026-05-06,Ottimale,80.0,Merlino Impianti SRL,0174 701392,Piemonte,Cuneo,http://www.merlinoimpiantielettrici.it/,,,
2026-05-06,Ottimale,80.0,Ceva Costruzioni Edili SRL,335 225 029,Piemonte,Cuneo,https://www.cevacostruzioni.it/,https://www.instagram.com/cevacostruzioni,,
2026-05-06,Ottimale,80.0,Bertone Costruzioni S.r.l.,0171 734293,Piemonte,Cuneo,https://bertonecostruzioni.it/,https://www.instagram.com/bertone_costruzioni_srl,,
2026-05-06,Ottimale,75.0,Cornaglia Fratelli,0171 610756,Piemonte,Cuneo,http://www.cornagliafratelli.it/,https://www.instagram.com/cornagliafratelli,,
2026-05-06,Ottimale,75.0,Somoter,0171 266268,Piemonte,Cuneo,https://somoter.com/,,,
2026-05-06,Ottimale,75.0,Cieb Nuova Srl,0172 68216,Piemonte,Cuneo,http://www.cieb.it/,,,
2026-05-06,Ottimale,75.0,"Ghinamo Ascensori - Ascensori, Montacarichi, Piattaforme - Cuneo",0171 402093,Piemonte,Cuneo,https://www.ghinamoascensori.com/,,,
2026-05-06,Ottimale,75.0,Peletto srl,0173 253053,Piemonte,Cuneo,https://www.pelettosrl.it/,,,
2026-05-06,Ottimale,75.0,Alpa Elettrica SRL,0175 759051,Piemonte,Cuneo,http://www.alpaelettrica.it/,,,
2026-05-06,Alto,70.0,Rittano Fabrizio Ristrutturazioni E Manutenzioni Edili,338 584 6845,Piemonte,Cuneo,https://www.rittanofabrizio.it/,,,
2026-05-06,Alto,70.0,Massucco Costruzioni Srl,800 060 303,Piemonte,Cuneo,http://www.massuccocostruzioni.com/,https://www.instagram.com/massuccocostruzioni,,
2026-05-06,Alto,70.0,L'Edilizia Marene S.R.L.,0172 742302,Piemonte,Cuneo,,,,
2026-05-06,Alto,65.0,Cuneo Calcestruzzi,0171 689003,Piemonte,Cuneo,http://www.cuneocalcestruzzi.com/,,,
2026-05-06,Alto,65.0,I.C.E.L.S.A. S.p.a.,0171 67035,Piemonte,Cuneo,http://www.icelsacostruzionicuneo.it/,,,
2026-05-06,Alto,65.0,Cismondi Commerciale,0171 690800,Piemonte,Cuneo,http://www.cismondisas.com/,,,
2026-05-06,Alto,65.0,Cuneo Asfalti Sas Di Rizzato Claudio & C. Impermeabilizzazioni,338 822 5885,Piemonte,Cuneo,http://www.cuneoasfalti.com/,,,
2026-05-06,Alto,65.0,Orchidea S.R.L.,339 676 4440,Piemonte,Cuneo,https://www.orchideasrl.com/,,,
2026-05-06,Alto,65.0,Edilscavi S.r.l.,0171 403368,Piemonte,Cuneo,http://www.edilscavicuneo.it/,,,
2026-05-06,Alto,65.0,Caroni S.p.a.,0171 64555,Piemonte,Cuneo,http://www.caroni.it/,,,
2026-05-06,Alto,65.0,Silo Srl - Fotovoltaico Cuneo,0171 413314,Piemonte,Cuneo,https://silocuneo.com/,,,
2026-05-06,Alto,65.0,Edilvetta,0174 597522,Piemonte,Cuneo,https://www.edilvetta.com/,,,
2026-05-06,Alto,65.0,Costrunet Srl,0172 86262,Piemonte,Cuneo,http://www.costrunet.com/,https://www.instagram.com/costrunet,https://www.linkedin.com/in/paolo-candellero-045a42b4,
2026-05-06,Alto,60.0,L.C.M. Costruzioni Srl,0171 613345,Piemonte,Cuneo,,,,
2026-05-06,Alto,60.0,Bruno Paolo Impresa Edile,346 350 7254,Piemonte,Cuneo,,,,
2026-05-06,Alto,60.0,Impresa Edile Mattalia,349 446 4514,Piemonte,Cuneo,,,,
2026-05-06,Alto,60.0,I.C.E.G. Snc Impresa Costruzioni Edili Gallo Di Giuseppe Gallo & Figli,0171 681490,Piemonte,Cuneo,,,,
2026-05-06,Alto,60.0,Artusio Costruzioni (S.R.L.),0171 67464,Piemonte,Cuneo,,,,
2026-05-06,Alto,55.0,IMPRESA EDILE IMERI DI IMERI GJULIAN,351 750 0152,Piemonte,Cuneo,http://impresaedileimeri.it/,,,
2026-05-06,Alto,55.0,REACOS - Costruzioni Generali,0171 601504,Piemonte,Cuneo,http://www.reacos.it/,,,
2026-05-06,Alto,55.0,Impresa Edile Delpiano,0172 696281,Piemonte,Cuneo,http://www.impresaediledelpianomauro.it/,,,
2026-05-06,Alto,55.0,2t Impianti Elettrici Cuneo,0171 697622,Piemonte,Cuneo,https://2teccoimpiantielettrici.com/,,,
2026-05-06,Alto,55.0,Galaverna Impianti,335 532 8117,Piemonte,Cuneo,https://www.galavernaimpianticuneo.com/,,,
2026-05-06,Alto,55.0,TM Costruzioni - Impresa Edile Tallone Marco,339 723 3013,Piemonte,Cuneo,https://www.tmcostruzionisrl.com/,,,
2026-05-06,Alto,55.0,Nuova Edilizia Di Arch. Girello Oscar,0171 691023,Piemonte,Cuneo,http://www.nuovaediliziadigirellooscar.it/,,,
2026-05-07,Ottimale,100.0,AT Servizi - Impresa edile ristrutturazioni casa firenze,339 544 6417,Toscana,Firenze,http://www.atservizi.eu/,,,
2026-05-07,Ottimale,100.0,RISTRUTTURAZIONI FIRENZE GMA SRL,055 013 1722,Toscana,Firenze,https://www.gmaedile.it/,,,
2026-05-07,Ottimale,100.0,Edil TB – Impresa Edile e Ristrutturazioni a Firenze,345 214 8015,Toscana,Firenze,https://ediltb.it/,https://www.instagram.com/edil.tb,,
2026-05-07,Ottimale,100.0,Impresa Edile Firenze - Edil Idraulica Srls,331 750 0272,Toscana,Firenze,https://www.edilidraulicasrls.it/,,,
2026-05-07,Ottimale,100.0,LF Impresa Edile di Lama Fatjon,055 389 3230,Toscana,Firenze,https://www.impresaedilelf.it/,,,
2026-05-07,Ottimale,100.0,Edil Bullari - Impresa Edile,328 458 4134,Toscana,Firenze,https://www.edilbullari.com/,,,
2026-05-07,Ottimale,100.0,MG Eurocostruzioni,327 042 3644,Toscana,Firenze,https://www.mgeurocostruzioni.it/,,,
2026-05-07,Ottimale,100.0,Gruppo Zenith | Ristrutturazioni Chiavi in mano,055 010 8794,Toscana,Firenze,https://www.gruppozenithome.com/,,,
2026-05-07,Ottimale,100.0,GEMI edilizia & impianti,333 577 5895,Toscana,Firenze,http://www.gemiediliziaimpianti.it/,,,
2026-05-07,Ottimale,100.0,Gavilli Impianti Elettrici e Tecnologici,328 874 2244,Toscana,Firenze,http://www.gavilli-impianti.it/,https://www.instagram.com/gavilli_impianti,,
2026-05-07,Ottimale,100.0,Tecnika Firenze | Progettazione & Design - Consulenza Immobiliare - Ristrutturazioni,055 538 7458,Toscana,Firenze,https://tecnikafirenze.it/,https://www.instagram.com/tecnika_firenze,https://www.linkedin.com/company/tecnikafirenze,
2026-05-07,Ottimale,100.0,DNA TecnoServizi & Ristrutturazioni,06 9604 0202,Toscana,Firenze,http://www.dnatecnoservizi.it/,,,
2026-05-07,Ottimale,100.0,Sorrentino Edilizia,393 297 8651,Toscana,Firenze,http://www.sorrentinoedilizia.com/,,,
2026-05-07,Ottimale,100.0,BigMat Costruire Materiali Per L'Edilizia S.r.l.,055 653 3224,Toscana,Firenze,https://costruire.bigmat.it/,,,
2026-05-07,Ottimale,90.0,Impresa edile Moretti Fabio SRL,335 819 3862,Toscana,Firenze,https://impresaedilemorettifabio.it/,,,
2026-05-07,Ottimale,90.0,Toscana Costruzioni Srl,327 869 4000,Toscana,Firenze,https://toscanacostruzioni.com/,,,
2026-05-07,Ottimale,90.0,MAC SERVICE COSTRUZIONI,055 098 4493,Toscana,Firenze,https://macservicecostruzioni.it/,https://www.instagram.com/mac_service_costruzioni,,
2026-05-07,Ottimale,90.0,Fiorentina Costruzioni Srl,055 432712,Toscana,Firenze,https://www.fiorentinacostruzioni.it/,,,
2026-05-07,Ottimale,90.0,Edilselmani Impresa Edile,333 523 4123,Toscana,Firenze,https://impresaedileselmani.it/,https://www.instagram.com/impresaselmani,,
2026-05-07,Ottimale,90.0,DFC Edilizia 360,327 206 2990,Toscana,Firenze,https://www.facebook.com/DFC-Edilizia-360-113061420828516/?ref=page_internal,,,
2026-05-07,Ottimale,90.0,Sufa Costruzioni S.n.c.,055 010 7382,Toscana,Firenze,http://www.sufacostruzioni.it/,,,
2026-05-07,Ottimale,90.0,EDIL STORE SRL Edilizia Avanzata e Servizi Integrati - STAFFERIA PER CANTIERE,055 783290,Toscana,Firenze,http://www.edilstore.eu/,,,
2026-05-07,Ottimale,90.0,Braconi Costruzioni S.R.L.,055 899 8219,Toscana,Firenze,http://www.braconicostruzioni.it/,,,
2026-05-07,Ottimale,90.0,Costruzioni MCM,339 750 6945,Toscana,Firenze,https://644259450aa5c.site123.me/,,,
2026-05-07,Ottimale,85.0,ImpresaEdile360 sas,,Toscana,Firenze,https://impresaedile360.it/,,,
2026-05-07,Ottimale,85.0,Tuscan Creative Interior,055 659 3542,Toscana,Firenze,https://www.tuscancreative.it/it/home/,https://www.instagram.com/tuscancreative_interiordesign,,
2026-05-07,Ottimale,85.0,MP immobiliare srl,335 662 8812,Toscana,Firenze,http://www.gruppompcostruzioni.it/,,,
2026-05-07,Ottimale,85.0,ITF Srl,055 936 2950,Toscana,Firenze,http://www.itfsrl.it/,https://www.instagram.com/itfsrl,,
2026-05-07,Ottimale,85.0,BRACCINI & CARDINI S.R.L.,055 433718,Toscana,Firenze,http://impiantieprogetti.net/,,,
2026-05-07,Ottimale,85.0,Intec S.r.l.,055 422 0023,Toscana,Firenze,https://www.intecsrl.info/,,,
2026-05-07,Ottimale,80.0,Impresa Edile Edil-Ricciardi,055 328 9178,Toscana,Firenze,http://www.impresaedilericciardi.it/,,,
2026-05-07,Ottimale,80.0,Firenze Ristrutturazioni,340 488 6898,Toscana,Firenze,http://www.firenzeristrutturazioni.it/,https://www.instagram.com/architetto_vincenzo_bennardi,,
2026-05-07,Ottimale,80.0,Martin Costruzioni Edili,327 869 3934,Toscana,Firenze,https://costruzioniedilimartin.it/,,,
2026-05-07,Ottimale,80.0,BONANNO F.LLI Costruzioni Edili Srl,055 785426,Toscana,Firenze,http://www.bonannoflli.it/,,,
2026-05-07,Ottimale,80.0,La Marmora Costruzioni S.r.l.,331 307 1604,Toscana,Firenze,http://www.lamarmoracostruzioni.it/,,,
2026-05-07,Ottimale,80.0,MK Restauri e Costruzioni Edili,331 438 2462,Toscana,Firenze,http://mkedilizia.com/,https://www.instagram.com/mk_costruzioni,,
2026-05-07,Ottimale,80.0,Impresa Edile Martelli Giuliano,055 535 4570,Toscana,Firenze,https://www.martelligiuliano.it/,,,
2026-05-07,Ottimale,80.0,Impresa Edile Kastriot,340 412 0076,Toscana,Firenze,https://www.impresaedilekastriot.it/,https://www.instagram.com/explore,,
2026-05-07,Ottimale,80.0,ecostrutture s.r.l. - general contractor / impresa edile / ristrutturazioni / case ecologiche / muratore,388 347 5228,Toscana,Firenze,https://www.ecostrutturesrl.com/,,,
2026-05-07,Ottimale,80.0,HRC Costruzioni,347 032 8636,Toscana,Firenze,https://www.hrc-costruzioni.it/,,,
2026-05-07,Ottimale,80.0,Italkostruzioni - Progettazione & Ristrutturazioni Edilizie,329 183 8630,Toscana,Firenze,https://ybcostruzioni.it/,,,
2026-05-07,Ottimale,80.0,Emmeeffe Costruzioni Srl,055 200 8900,Toscana,Firenze,http://www.emmeeffecostruzioni.it/,,,
2026-05-07,Ottimale,80.0,Tosca Srl-Edilizia-Impianti-General Contractor,055 612 1290,Toscana,Firenze,https://www.toscacostruzioni.it/,,,
2026-05-07,Ottimale,80.0,Gis Firenze Impianti Elettrici,055 680 2625,Toscana,Firenze,https://www.gisfirenzeimpiantielettrici.com/,,,
2026-05-07,Ottimale,80.0,CREA Srl General Contractor Ristrutturazioni,055 986 8185,Toscana,Firenze,http://www.crea.srl/,,,
2026-05-07,Ottimale,80.0,Edilizia Alternativa,800 035 181,Toscana,Firenze,https://edilizialternativa.it/,https://www.instagram.com/edilizialternativa,https://www.linkedin.com/company/edilizia-alternativa,
2026-05-07,Ottimale,80.0,BL Ristrutturazioni,338 286 9333,Toscana,Firenze,http://blristrutturazioni.it/,,,
2026-05-07,Ottimale,80.0,Ciacci Restauri e Costuzioni impresa edile,347 856 8578,Toscana,Firenze,https://www.impresaedileciaccirestauri.it/,,,
2026-05-07,Ottimale,80.0,Giusti Costruzioni Srl,055 895 3556,Toscana,Firenze,http://www.giusticostruzioni.it/,,,
2026-05-07,Ottimale,80.0,Costruzioni & Progetti Srl | Impresa Edile Toscana,055 436 0409,Toscana,Firenze,https://www.costruzionieprogetti.com/,,https://www.linkedin.com/company/costruzioni-progetti-srl,
2026-05-07,Ottimale,75.0,Iris Costruzioni S.R.L.,055 246 6242,Toscana,Firenze,http://www.iriscostruzioni.it/,,,
2026-05-07,Ottimale,75.0,ARTECASA S.R.L.,333 316 0772,Toscana,Firenze,https://www.artecasadirizzo.it/,,,
2026-05-07,Alto,70.0,La Firenze Lavori Srl,055 897 9061,Toscana,Firenze,http://www.lafirenzelavori.it/,https://www.instagram.com/firenzelavori,https://www.linkedin.com/company/firenze-lavori,
2026-05-07,Alto,65.0,Iniziative Edili S.r.l.,055 718 9225,Toscana,Firenze,http://www.cacciamani.it/,,https://www.linkedin.com/in/marzio-cacciamani-8b1b9743,
2026-05-07,Alto,65.0,Edil Somigli Srl,055 682 1233,Toscana,Firenze,http://www.edilsomigli.com/,,,
2026-05-07,Alto,65.0,Moresi Edilimmobili Srl,335 404 801,Toscana,Firenze,http://moresiedilimmobili.it/,,,
2026-05-07,Alto,65.0,Edil Standard S.r.l.s,353 447 4823,Toscana,Firenze,http://www.edilstandardtoscana.com/,,,
2026-05-07,Alto,65.0,SESE Srl,055 553 5306,Toscana,Firenze,http://www.sese.it/,,,
2026-05-07,Alto,65.0,Leonardo Edil,353 394 3897,Toscana,Firenze,https://leonardoedil.com/,,,
2026-05-07,Alto,65.0,Fratelli Restauri,329 589 3200,Toscana,Firenze,https://www.fratellirestauri.it/,,,
2026-05-07,Alto,65.0,Edil Vassallo,345 231 6016,Toscana,Firenze,https://www.edilvassallo.it/,,,
2026-05-07,Alto,65.0,Edil D’Oro & Figlio srl,368 685 454,Toscana,Firenze,https://edildoroefiglio.com/,https://www.instagram.com/edil.doro,,
2026-05-07,Alto,65.0,Figli Di Augusto Lorenzini Srl,055 552 2855,Toscana,Firenze,http://www.lorenzinispa.it/,,,
2026-05-07,Alto,65.0,F.G. Costruzione e Restauro,333 481 0587,Toscana,Firenze,https://www.fgcostruzionerestauro.com/,,,
2026-05-07,Alto,65.0,Eredi Di E. Capecchi Srl,055 422 3438,Toscana,Firenze,https://www.eredicapecchi.it/?utm_source=google&utm_medium=organic&utm_campaign=gbp,,,
2026-05-07,Alto,65.0,Erti Restauri Edili,320 305 2786,Toscana,Firenze,https://www.ertiimmobiliareerestaurisrl.com/,,,
2026-05-07,Alto,65.0,EdilBonaccorso srl,055 880 1917,Toscana,Firenze,http://www.edilbonaccorso.it/,,,
2026-05-07,Alto,65.0,Zenit Soluzioni Edili,389 888 3634,Toscana,Firenze,https://www.zenitsoluzioni.it/,https://www.instagram.com/zenit__soluzioni,,
2026-05-07,Alto,65.0,Edilcapezzuoli s.r.l.,055 715728,Toscana,Firenze,http://www.edilcapezzuoli.it/,,,
2026-05-07,Alto,60.0,Impresa Edile Firenze B.A.I.C.,055 782702,Toscana,Firenze,,,,
2026-05-07,Alto,60.0,Impresa Edile ALE&ANDRE S.a.s.,320 955 9696,Toscana,Firenze,,,,
2026-05-07,Alto,60.0,La Rondinella Costruzioni Srl,055 933 6244,Toscana,Firenze,,,,
2026-05-07,Alto,60.0,GM IMPIANTI ELETTRICI E MANUTENZIONE,380 630 6613,Toscana,Firenze,,,,
2026-05-07,Alto,60.0,C.S.S. Srl - Costruzioni Strade Servizi per l'Edilizia,339 585 4136,Toscana,Firenze,,,,
2026-05-07,Alto,60.0,G.F.C. Lavori Edili Srl,340 630 9715,Toscana,Firenze,,,,
2026-05-07,Alto,60.0,CAVALLARO - Trasporti - Lavori Edili Stradali - Movimento Terra,055 760 6586,Toscana,Firenze,,,,
2026-05-07,Alto,55.0,"Impresa Edile & Assistenza H24 Firenze – Idraulico, Elettricista, Condizionatori",324 745 0444,Toscana,Firenze,https://www.edilalbaristrutturazioni.it/,,,
2026-05-07,Alto,55.0,Edil2d - Ristrutturazione Firenze,334 595 3268,Toscana,Firenze,http://www.edil2d.it/,,,
2026-05-08,Ottimale,100.0,S.Filippo Costruzioni,0583 490776,Toscana,Lucca,http://www.impresa-edile-lucca.it/,https://www.instagram.com/sfilippocostruzioni,,
2026-05-08,Ottimale,100.0,Elettroimpianti srl,0583 94567,Toscana,Lucca,http://www.elettroimpianti.lucca.it/,,,
2026-05-08,Ottimale,100.0,Martinelli Impianti S.r.l.,0583 513321,Toscana,Lucca,http://www.martinelli-impianti.it/,,,
2026-05-08,Ottimale,100.0,CASSA EDILE LUCCHESE,0583 55555,Toscana,Lucca,https://cassa.luccaedile.it/,,,
2026-05-08,Ottimale,90.0,Centro Edile Lucca srl,0583 962526,Toscana,Lucca,http://www.centroedilelucca.com/,,,
2026-05-08,Ottimale,90.0,Sintesi Impianti Srl,0583 953454,Toscana,Lucca,https://www.sintesimpianti.it/,,,
2026-05-08,Ottimale,90.0,S.r. Impianti Elettrici S.r.l.,0583 491055,Toscana,Lucca,https://srimpianti.it/,,,
2026-05-08,Ottimale,90.0,La Nuova Idroluce - Impianti di condizionamento e riscaldamento - Lucca,0583 407426,Toscana,Lucca,http://www.lanuovaidroluce.com/,,,
2026-05-08,Ottimale,90.0,START Elettroimpianti,0583 082951,Toscana,Lucca,http://www.startelettroimpianti.com/,,,
2026-05-08,Ottimale,90.0,Impresa Edile Piccioli Edilizia Ristrutturazioni,328 024 4354,Toscana,Lucca,http://www.piccioliedilizia.it/,,,
2026-05-08,Ottimale,90.0,Impresa Edile G.N.M. di Agim,340 259 8702,Toscana,Lucca,http://www.impresaedilegnmpisa.it/,,,
2026-05-08,Ottimale,90.0,BL. Alta Edilizia S.A.S.,329 956 5242,Toscana,Lucca,https://www.blaltaedilizia.it/,,,
2026-05-08,Ottimale,85.0,Del Debbio,0583 95851,Toscana,Lucca,http://www.deldebbio.it/,,,
2026-05-08,Ottimale,85.0,C.M. Edil srl,0583 464180,Toscana,Lucca,http://cmedil.it/,https://www.instagram.com/c.m.edil_srl,,
2026-05-08,Ottimale,85.0,Elettromeccanica S. Marco Srl,0583 343480,Toscana,Lucca,http://www.elettromeccanicasanmarco.it/,,,
2026-05-08,Ottimale,85.0,Dimensione Fuoco srl,328 125 4911,Toscana,Lucca,https://dimensionefuocolucca.it/,,,
2026-05-08,Ottimale,85.0,MCB SRL - assistenza caldaie condizionamento stufe ed energie alternative,0583 581454,Toscana,Lucca,http://www.mcbclima.it/,,,
2026-05-08,Ottimale,85.0,Nicoletti Group S.R.L.,0583 418667,Toscana,Lucca,http://www.nicolettigroup.it/,,,
2026-05-08,Ottimale,85.0,ATService di Alessandro Talini,380 157 0188,Toscana,Lucca,https://atserviceimpiantielettrici.wordpress.com/,,,
2026-05-08,Ottimale,85.0,Edilsutera,050 742311,Toscana,Lucca,http://www.edilsutera.it/,https://www.instagram.com/edilsuterainnovationdesign,,
2026-05-08,Ottimale,85.0,Centro Commerciale Valfreddana,0583 353100,Toscana,Lucca,http://ccvf.it/,https://www.instagram.com/ccvf_materiali_edili,,
2026-05-08,Ottimale,85.0,Edil C,0583 327175,Toscana,Lucca,https://www.instagram.com/edilcsrllucca/,,,
2026-05-08,Ottimale,85.0,Pieroni srl,0583 838375,Toscana,Lucca,http://www.pieroni.it/,https://www.instagram.com/pieronisrl,https://www.linkedin.com/company/pieroni-construction,
2026-05-08,Ottimale,85.0,Panza srl,0583 295629,Toscana,Lucca,https://www.panzasrl.com/,,,
2026-05-08,Ottimale,85.0,Massoni P. e M. S.R.L.,0583 94453,Toscana,Lucca,http://www.massonipem.it/,,,
2026-05-08,Ottimale,85.0,Italnolo Lucca,0583 469024,Toscana,Lucca,https://italnolo.it/index.php?controller=store&id_store=20,,,
2026-05-08,Ottimale,80.0,Varia Costruzioni,0583 511888,Toscana,Lucca,http://www.variacostruzioni.it/,https://www.instagram.com/studiosarchitecture,https://www.linkedin.com/company/studios-architecture,
2026-05-08,Ottimale,80.0,Impresa Edile Marchini Costruzioni s.r.l.,0583 403151,Toscana,Lucca,https://www.marchinicostruzioni.it/,,,
2026-05-08,Ottimale,80.0,Ippolito Costruzioni,0583 343381,Toscana,Lucca,https://www.ippolitocostruzioni.it/,,,
2026-05-08,Ottimale,80.0,Impresa Edile Flavio e Luli,392 188 1042,Toscana,Lucca,http://www.flavioeluli.it/,,,
2026-05-08,Ottimale,80.0,MG Costruzioni,0583 407124,Toscana,Lucca,https://www.pariv.it/impresa-edile/,https://www.instagram.com/pa.riv.official,,
2026-05-08,Ottimale,80.0,Impresa Edile Francesconi Srl,0583 48401,Toscana,Lucca,http://www.impresaedilefrancesconi.it/,,,
2026-05-08,Ottimale,80.0,Varia Costruzioni S.R.L,0583 330184,Toscana,Lucca,https://www.variacostruzioni.it/,https://www.instagram.com/studiosarchitecture,https://www.linkedin.com/company/studios-architecture,
2026-05-08,Ottimale,80.0,KR COSTRUZIONI,328 664 4685,Toscana,Lucca,https://www.facebook.com/KRCOSTRUZIONI2006,,,
2026-05-08,Ottimale,80.0,Nannini Costruzioni Srl,0583 343413,Toscana,Lucca,http://www.nanninicostruzioni.it/,https://instagram.com/nanninicostruzionisrl,,
2026-05-08,Ottimale,80.0,Bianchi Costruzioni srl,0583 164 6001,Toscana,Lucca,https://bianchi-costruzioni.it/,,,
2026-05-08,Ottimale,80.0,ISOLA COSTRUZIONI Srl,347 772 1291,Toscana,Lucca,http://isolaugo.it/,,,
2026-05-08,Ottimale,80.0,G.B.A. Costruzioni Srl,0583 53406,Toscana,Lucca,https://www.gbacostruzioni.com/,,,
2026-05-08,Ottimale,80.0,Palumbo Costruzioni S.R.L.,0583 955030,Toscana,Lucca,http://www.palumbocostruzionisrl.com/,,,
2026-05-08,Ottimale,80.0,Trifino Costruzioni SRL,0583 407978,Toscana,Lucca,http://trifinocostruzioni.it/,,,
2026-05-08,Ottimale,80.0,Mobilia Costruzioni srl,353 319 9750,Toscana,Lucca,https://mobiliacostruzioni.it/,https://www.instagram.com/mobiliacostruzionisrl,,
2026-05-08,Ottimale,80.0,Impresa edile Taddei Massimo,0584 619981,Toscana,Lucca,https://taddeimassimo.it/,https://www.instagram.com/taddeimassimo_srl,,
2026-05-08,Ottimale,80.0,Pardini Armando Costruzioni srl,0583 995560,Toscana,Lucca,https://www.pardiniarmandocostruzioni.it/,,,
2026-05-08,Ottimale,80.0,Claudio Impianti di Aly Claudio,339 131 5152,Toscana,Lucca,https://www.claudioimpianti.it/,,,
2026-05-08,Ottimale,80.0,Tecnocostruzioni SRL,0583 311061,Toscana,Lucca,https://www.tcimpianti.com/,,,
2026-05-08,Ottimale,80.0,GM IMPIANTI SRL,347 838 0747,Toscana,Lucca,http://gm-impianti.srl/index.html,https://www.instagram.com/gm_impianti_srl,,
2026-05-08,Ottimale,80.0,S2 Impianti Snc Di Conti Stefano E Venturini Simone,0583 30202,Toscana,Lucca,http://www.s2impianti.com/,,,
2026-05-08,Ottimale,80.0,Raffaele Zara - Ristrutturazioni D'Interni,375 663 4096,Toscana,Lucca,https://www.raffaelezara.it/,https://www.instagram.com/ristrutturazioni_dinterni,,
2026-05-08,Ottimale,80.0,Impresa Edile Pellegrini Alberto,348 330 1629,Toscana,Lucca,https://www.albertopellegrinicostruzioni.it/,https://www.instagram.com/pellegrini_costruzioni,,
2026-05-08,Ottimale,80.0,Impresa Edile DMBP SRL Dhamo Martin,340 487 0499,Toscana,Lucca,https://www.impresaediledm.it/,,,
2026-05-08,Ottimale,80.0,Pef Costruzioni Srl,050 864455,Toscana,Lucca,http://www.pefcostruzioni.com/,,,
2026-05-08,Ottimale,75.0,C.e.l.f.a. S.r.l.,0583 584997,Toscana,Lucca,http://www.celfasrl.it/,,,
2026-05-08,Ottimale,75.0,Klimabita,392 599 0315,Toscana,Lucca,http://www.klimabita.com/,https://www.instagram.com/klimabita,,
2026-05-08,Ottimale,75.0,Pluriservice Srl,0583 503046,Toscana,Lucca,http://www.pluriservicelucca.it/,,,
2026-05-08,Ottimale,75.0,Serafini e Tocchini,0583 955427,Toscana,Lucca,https://www.serafinietocchini.com/,,,
2026-05-08,Ottimale,75.0,Vangelisti Roberto snc,0583 953771,Toscana,Lucca,http://www.vangelistiroberto.it/,https://www.instagram.com/elettroonline,,
2026-05-08,Ottimale,75.0,Cosmoluce Srl,0583 328067,Toscana,Lucca,http://www.cosmoluce.it/,,,
2026-05-08,Ottimale,75.0,Ristrutturoo - Lucca,800 800 865,Toscana,Lucca,https://ristrutturoo.it/,,,
2026-05-08,Alto,70.0,Impresa Edile Rossi Michele,360 340 111,Toscana,Lucca,https://www.rossimicheleimpresaedile.it/,,,
2026-05-08,Alto,70.0,Sa.gi. Costruzioni S.r.l.,335 624 7259,Toscana,Lucca,http://www.sagicostruzioni.it/,,,
2026-05-08,Alto,65.0,Edil Vision SRL,327 197 6845,Toscana,Lucca,https://www.edilvisionsrl.it/,,,
2026-05-08,Alto,65.0,Arte Intonaci Srl Societa' Unipersonale,347 356 6950,Toscana,Lucca,http://www.arteintonaci.it/,,,
2026-05-08,Alto,65.0,Puccetti Impianti SRL,,Toscana,Lucca,https://www.puccettimpianti.it/,,,
2026-05-08,Alto,65.0,Piemme S.a.s.di Morini Sergio & C.,0583 491080,Toscana,Lucca,http://www.piemmeimpiantielettrici.it/,,,
2026-05-08,Alto,65.0,Cri.Max sabbiature edili e industriali di Torrelli Maria Cristina,349 816 3320,Toscana,Lucca,http://www.crimaxsabbiature.it/,,,
2026-05-08,Alto,65.0,Fabio Francesconi s.r.l.,0583 983290,Toscana,Lucca,http://www.fabiofrancesconisrl.com/,,,
2026-05-08,Alto,65.0,Ricci spa,0583 343593,Toscana,Lucca,,,,
2026-05-08,Alto,65.0,Luccasfalti Di Meconi Alessio,340 743 7539,Toscana,Lucca,http://www.luccasfalti.com/,,,
2026-05-08,Alto,65.0,Habitat,348 873 4201,Toscana,Lucca,http://habitatlucca.it/,,,
2026-05-08,Alto,65.0,Versilia Ponteggi SRL,339 317 5321,Toscana,Lucca,https://www.versiliaponteggi.it/,,,
2026-05-08,Alto,65.0,Ditta Paganelli & Amidei snc,0583 88155,Toscana,Lucca,,,,
2026-05-08,Alto,65.0,Giannini Giusto Srl,0583 299037,Toscana,Lucca,http://www.gianninigiusto.it/,,,
2026-05-08,Alto,60.0,Impresa Edile Space Color,389 885 9860,Toscana,Lucca,,,,
2026-05-08,Alto,60.0,G.S. Costruzioni S.R.L.,345 280 0017,Toscana,Lucca,,,,
2026-05-08,Alto,60.0,Impresa Edile Spina Daniele,0583 999067,Toscana,Lucca,,,,
2026-05-08,Alto,60.0,Impresa Edile Pardini Dino & C. S.N.C.,0583 584845,Toscana,Lucca,,,,
2026-05-08,Alto,60.0,Romano Davide Costruzioni E Restauri Srl Davide,0583 998274,Toscana,Lucca,,,,
2026-05-08,Alto,60.0,G.P. Tecno Impianti,366 190 3189,Toscana,Lucca,,,,
2026-05-08,Alto,60.0,Alessio Ferro - Ditta Edile 2.0,388 751 6998,Toscana,Lucca,,,,
2026-05-08,Alto,55.0,Brogi Costruzioni sas,328 477 1445,Toscana,Lucca,https://sites.google.com/view/brogi-costruzioni-sas,,,
2026-05-08,Alto,55.0,Impresa edile Del Debbio Andrea,335 612 6539,Toscana,Lucca,https://pavimentoveneziano.it/,,,
2026-05-08,Alto,55.0,Impresa Edile C&C SRL,335 616 5477,Toscana,Lucca,https://www.impresaedilecec.it/,,,
2026-05-08,Alto,55.0,FREE IMPIANTI ELETTRICI E IDRAULICI,328 551 0470,Toscana,Lucca,https://www.freeimpianti.it/,,,
2026-05-08,Alto,55.0,Soluzioni e Costruzioni Soc. Coop.,349 054 8584,Toscana,Lucca,https://www.soluzioniecostruzioni.it/,https://www.instagram.com/soluzioni_e_costruzioni,,
2026-05-08,Alto,55.0,Cipi Costruzioni,348 895 5746,Toscana,Lucca,https://cipicostruzioni.it/,,,
2026-05-08,Alto,55.0,Guinigi Costruzioni Srl,0583 515706,Toscana,Lucca,http://www.guinigicostruzioni.com/,,,
2026-05-09,Ottimale,100.0,Ristrutturazione Moderna S.r.l,349 219 8630,Emilia-Romagna,Modena,https://gratis-4837805.webadorsite.com/,https://instagram.com/ristrutturazione_moderna,,
2026-05-09,Ottimale,100.0,TermoK8 Group - The Green General Contractor,059 838 2803,Emilia-Romagna,Modena,https://www.termok8group.it/,,,
2026-05-09,Ottimale,90.0,C2 EDILIZIA SRLS - Ristrutturazioni chiavi in mano,346 306 5889,Emilia-Romagna,Modena,http://www.c2edilizia.it/,,,
2026-05-09,Ottimale,90.0,De Lucia Costruzioni,333 790 2395,Emilia-Romagna,Modena,http://www.reteimprese.it/37431,,,
2026-05-09,Ottimale,85.0,Malagoli Matteo,335 872 6839,Emilia-Romagna,Modena,https://www.malagolimatteo.it/,https://www.instagram.com/malagoli_matteo_,,
2026-05-09,Ottimale,85.0,Cavicchioli Termoidraulica,059 613 2119,Emilia-Romagna,Modena,https://www.facebook.com/Cavicchioli-Termoidraulica-284715715386119/,,,
2026-05-09,Ottimale,85.0,Pirazzini S.R.L.,059 251360,Emilia-Romagna,Modena,http://www.pirazziniedilizia.it/,,,
2026-05-09,Ottimale,80.0,Edilcostruzioni Modena,059 848539,Emilia-Romagna,Modena,https://www.edilcostruzioni-mo.it/,,,
2026-05-09,Ottimale,80.0,Impresa Ragazzi - Ditta Edile,059 454612,Emilia-Romagna,Modena,http://impresaragazzi.com/,,,
2026-05-09,Ottimale,80.0,MT Impresa Edile Modena,327 541 7260,Emilia-Romagna,Modena,http://mtsrls.it/,,,
2026-05-09,Ottimale,80.0,Edil Costruzioni Modenese Srl,059 395799,Emilia-Romagna,Modena,https://edilcostruzionimodenese.it/,,,
2026-05-09,Ottimale,80.0,S.A.Co.Gen. Societa' Appalti Costruzioni Generali Srl,059 872 0396,Emilia-Romagna,Modena,http://www.sacogen.com/,https://www.instagram.com/sacogensrl,,
2026-05-09,Ottimale,80.0,A.M. Impianti Snc Di Ascari C. E Magnani C.,059 441704,Emilia-Romagna,Modena,http://www.amimpianti.com/,,,
2026-05-09,Ottimale,75.0,Mario Neri S.p.A.,059 281600,Emilia-Romagna,Modena,http://www.marioneri.it/,,,
2026-05-09,Ottimale,75.0,Idraulico Modena | Sistema Casa srls,380 208 2483,Emilia-Romagna,Modena,https://ilsistemacasa.it/,,,
2026-05-09,Ottimale,75.0,Emilia Finiture S.R.L.,059 826320,Emilia-Romagna,Modena,https://emiliafiniture.com/,,,
2026-05-09,Ottimale,75.0,Gemmalpe S.r.l.,059 283553,Emilia-Romagna,Modena,http://www.gemmalpe.it/,,,
2026-05-09,Alto,70.0,Icoed Srl | Costruzioni e Ristrutturazioni Edili | Modena,059 580 1764,Emilia-Romagna,Modena,https://www.icoed.it/,,,
2026-05-09,Alto,70.0,AMAN IMPIANTI Progettazione e Realizzazione di Impianti ELETTRICI Civili e Industriali. Modena,339 352 6751,Emilia-Romagna,Modena,,,,
2026-05-09,Alto,65.0,Ristrutturazione Moderna Di Mario Edile,,Emilia-Romagna,Modena,,,,
2026-05-09,Alto,65.0,AEC COSTRUZIONI,,Emilia-Romagna,Modena,,,,
2026-05-09,Alto,65.0,Edilsand srl,346 798 8937,Emilia-Romagna,Modena,https://www.edilsand.it/,,,
2026-05-09,Alto,65.0,Impresa Bacchelli,059 333104,Emilia-Romagna,Modena,http://www.impresabacchelli.it/,,,
2026-05-09,Alto,65.0,Edil G.P. Modenese Di Pacchiano Giuseppe,059 334793,Emilia-Romagna,Modena,http://www.edilgplamodenese.com/,,,
2026-05-09,Alto,65.0,Modena Impianti Srl,,Emilia-Romagna,Modena,,,,
2026-05-09,Alto,65.0,AG Energy Srl | Impianti Fotovoltaici e Impianti Termoidraulici,,Emilia-Romagna,Modena,,,,
2026-05-09,Alto,65.0,S.C.S Impianti,,Emilia-Romagna,Modena,,,,
2026-05-09,Alto,65.0,Cortese Attilio - Impianti Termoidraulici,,Emilia-Romagna,Modena,,,,
2026-05-09,Alto,65.0,Euroclimatic s.r.l. | Installazione impianti elettrici e idraulici | Modena,,Emilia-Romagna,Modena,,,,
2026-05-09,Alto,60.0,Edil-Costruzioni Srl,059 260516,Emilia-Romagna,Modena,,,,
2026-05-09,Alto,60.0,Edilea Srl,059 345775,Emilia-Romagna,Modena,,,,
2026-05-09,Alto,55.0,Costruzioni Generali Due Srl - Azienda Edile,,Emilia-Romagna,Modena,,,,
2026-05-09,Alto,55.0,Barbieri Costruzioni S.R.L.,,Emilia-Romagna,Modena,,,,
2026-05-09,Alto,55.0,Euro Al Bek SRL- Ristrutturazioni Modena,,Emilia-Romagna,Modena,,,,
2026-05-09,Alto,55.0,Ferrari Costruzioni,340 838 7277,Emilia-Romagna,Modena,http://ferrari-costruzioni.com/,https://www.instagram.com/ferrari.costruzioni,,
2026-05-09,Alto,55.0,Impianti Cr Cattini Roli & C. Snc,,Emilia-Romagna,Modena,,,,
2026-05-09,Alto,55.0,MC Impianti Tecnologici,,Emilia-Romagna,Modena,,,,
2026-05-09,Alto,55.0,Costruzioni Bernardoni San Cesario S.r.l.,,Emilia-Romagna,Modena,,,,
2026-05-09,Alto,55.0,"Co.Sy.Be. Srl - Impermeabilizzazioni,applicazioni in resine, lavori edili vari",059 397 1241,Emilia-Romagna,Modena,http://www.cosybe.it/,,https://www.linkedin.com/in/domenico-de-nicola-8339b3149,
2026-05-12,Ottimale,100.0,Generale Edilizia Srl,392 156 0773,Lazio,Latina,http://www.generaleedilizia.com/,https://www.instagram.com/generaleedilizia,,
2026-05-12,Ottimale,100.0,C.E.M.I. IMPIANTI s.r.l.,0773 175 1002,Lazio,Latina,http://cemilatina.com/,https://www.instagram.com/c.e.m.i.impianti,,
2026-05-12,Ottimale,100.0,int&ext Ristrutturazioni Costruzioni Restyling,800 587 969,Lazio,Latina,https://www.inteext.it/,https://www.instagram.com/inteext,http://linkedin.com/in/inteext,
2026-05-12,Ottimale,100.0,"Mida Home S.r.l. Costruzioni e ristrutturazioni edili, ristrutturazioni appartamenti Roma, Roma Est",347 768 5455,Lazio,Latina,https://www.midahomesrl.it/,https://www.instagram.com/mida_home,,
2026-05-12,Ottimale,100.0,"Ristrutturazioni & Assistenza H24 Roma – Idraulico, Elettricista, Caldaie & Clima",324 745 0444,Lazio,Latina,https://edilalbaristrutturazioni.it/,,,
2026-05-12,Ottimale,100.0,Aedificium Romae - Costruzioni-Ristrutturazioni-Impiantistica,06 9978 4718,Lazio,Latina,https://www.aedificiumromae.it/,https://www.instagram.com/aedificiumromae,,
2026-05-12,Ottimale,100.0,int&ext Ristrutturazioni Costruzioni Restyling,800 587 969,Lazio,Latina,https://www.inteext.it/,https://www.instagram.com/inteext,http://linkedin.com/in/inteext,
2026-05-12,Ottimale,100.0,Edilizia 95 Roma,392 012 1544,Lazio,Latina,https://www.edilizia95.it/,,,
2026-05-12,Ottimale,100.0,Lunadei Ristrutturazioni,06 541 6284,Lazio,Latina,https://lunadeiristrutturazioni.it/,,,
2026-05-12,Ottimale,90.0,Ristrutturazioni Roma Latina,388 449 7528,Lazio,Latina,https://ristrutturazionilazio.jimdofree.com/,,,
2026-05-12,Ottimale,90.0,Cassa Edile Della Provincia Di Latina,0773 663636,Lazio,Latina,http://www.cassaedilelatina.it/,,,
2026-05-12,Ottimale,90.0,DP IMPIANTI SRLS,0773 188 8320,Lazio,Latina,https://www.dpimpiantilatina.com/,,,
2026-05-12,Ottimale,90.0,Costruzioni e Ristrutturazioni Edili Roma - Albert Costruzioni,344 166 3555,Lazio,Latina,https://albertcostruzioni.it/,,,
2026-05-12,Ottimale,90.0,Giaguaro Edilizia,0773 664028,Lazio,Latina,http://www.giaguaroedilizia.com/,https://www.instagram.com/giaguaro.edilizia,https://www.linkedin.com/company/11000941,
2026-05-12,Ottimale,85.0,Servizi Edili Roma,380 387 1858,Lazio,Latina,http://www.serviziediliroma.it/,https://www.instagram.com/serviziediliroma,,
2026-05-12,Ottimale,85.0,GruppoAST Demolizioni E Scavi A Latina,0773 623672,Lazio,Latina,http://www.gruppoast.it/,,,
2026-05-12,Ottimale,85.0,Beton Black S.p.A.,0773 258612,Lazio,Latina,http://betonblack.it/,,,
2026-05-12,Ottimale,85.0,LatinGroup,0773 164 7147,Lazio,Latina,http://latingroup.it/,,,
2026-05-12,Ottimale,85.0,Santori Srl,0773 690161,Lazio,Latina,http://www.santorisrl.it/,,,
2026-05-12,Ottimale,85.0,Spazio Clima Srl,0773 010027,Lazio,Latina,https://spazioclima.com/,,,
2026-05-12,Ottimale,85.0,Energastore Latina,0773 664483,Lazio,Latina,https://www.energastore.it/,,,
2026-05-12,Ottimale,85.0,ELETTRICISTA/ANTENNISTA SIMONE/APRILIA-LATINA-ARDEA,339 261 7114,Lazio,Latina,http://www.elettricista-simone.it/,,,
2026-05-12,Ottimale,80.0,FD COSTRUZIONI SRL Unipersonale,331 904 7664,Lazio,Latina,,,,
2026-05-12,Ottimale,80.0,Evo Costruzioni S.r.l | Impresa edile Latina,0773 242877,Lazio,Latina,http://www.evocostruzioni.com/,,,
2026-05-12,Ottimale,80.0,Borsari Srl - Impresa Di Costruzioni - Latina,0773 479758,Lazio,Latina,https://www.borsaricostruzioni.it/,,,
2026-05-12,Ottimale,80.0,Panetti Costruzioni,335 569 0383,Lazio,Latina,http://www.panetti.casa/,,,
2026-05-12,Ottimale,80.0,Bellotto Costruzioni s.r.l.,06 3105 0624,Lazio,Latina,http://bellottocostruzioni.it/,,,
2026-05-12,Ottimale,80.0,COSTRUZIONI RINALDI SRL,0773 250718,Lazio,Latina,https://www.rinaldi.construction/,,https://www.linkedin.com/company/costruzioni-rinaldi,
2026-05-12,Ottimale,80.0,S. M. Costruzioni Edili e Stradali,06 299694,Lazio,Latina,https://www.smcostruzionisrls.com/,,,
2026-05-12,Ottimale,80.0,Immobiliare Costruzioni Da.Co,0773 623946,Lazio,Latina,http://www.dacocostruzioni.it/,,,
2026-05-12,Ottimale,80.0,Falchetto Edilizia S.R.L.,0773 631682,Lazio,Latina,https://falchettoedilizia.it/,,,
2026-05-12,Ottimale,80.0,Rdr Costruzioni,346 405 9445,Lazio,Latina,http://www.rdrcostruzioni.com/,,,
2026-05-12,Ottimale,80.0,Bianconi Costruzioni,0773 474713,Lazio,Latina,http://www.bianconicostruzioni.it/,,,
2026-05-12,Ottimale,80.0,Seval Costruzioni,0773 731131,Lazio,Latina,https://www.piattaformeaereelatina.com/,,,
2026-05-12,Ottimale,80.0,Furlan Costruzioni Italia S.R.L.,0773 250073,Lazio,Latina,http://www.furlansrl.it/,,,
2026-05-12,Ottimale,80.0,Impiantistica Latina Srl,0773 208557,Lazio,Latina,https://www.impiantisticalatina.it/,,,
2026-05-12,Ottimale,80.0,E.S.D. IMPIANTI DI MADDALENA MARIO,0773 280458,Lazio,Latina,http://www.esdimpianti.it/,,,
2026-05-12,Ottimale,80.0,SeC Impianti srl - Impianti Elettrici Civili e Industriali - Roma,0773 879695,Lazio,Latina,https://www.secimpianti.com/lavora-con-noi-1.html,,,
2026-05-12,Ottimale,80.0,Artigiana Impianti Srl,0773 273601,Lazio,Latina,,,,
2026-05-12,Ottimale,80.0,P.C.C. Impianti SRL,0773 696807,Lazio,Latina,http://www.pccimpianti.it/,,,
2026-05-12,Ottimale,80.0,Edil Leonardo srl - Edilizia Sostenibile Roma e Latina,345 538 9463,Lazio,Latina,http://www.edilleonardo.it/,https://www.instagram.com/edil_leonardo,https://www.linkedin.com/company/edil-leonardo-srl,
2026-05-12,Ottimale,80.0,Impresa Edile Lauretti Cesare,351 887 5402,Lazio,Latina,http://www.impresaedilelauretticesare.it/,,,
2026-05-12,Ottimale,80.0,"Ditta Laudani, Ristrutturazioni Edili Roma",333 698 0242,Lazio,Latina,https://www.dittaristrutturazioniroma.it/,,,
2026-05-12,Ottimale,80.0,Rinaldi Damiano | Ditta Edile e Ristrutturazioni Roma,347 385 5125,Lazio,Latina,https://rinaldiedilizia.it/,,,
2026-05-12,Ottimale,80.0,Ristrutturazioni edili Fabio Greco,339 266 8880,Lazio,Latina,https://ristrutturazioniediligreco.it/,https://www.instagram.com/ristrutturazioniediligreco,,
2026-05-12,Ottimale,75.0,Scuccato S.A. srl,351 652 3175,Lazio,Latina,https://grupposcuccato.com/,https://instagram.com/scuccatosasrl,https://www.linkedin.com/company/scuccato-sa-s-r-l,
2026-05-12,Ottimale,75.0,Songeo Srl,0773 242457,Lazio,Latina,http://www.songeosrl.com/,,,
2026-05-12,Ottimale,75.0,Mefi S.r.l.,0773 240732,Lazio,Latina,http://mefilatina.com/,,,
2026-05-12,Alto,70.0,Co-Mes Costruzioni Group S.r.l.,0773 339364,Lazio,Latina,http://ilmeglioalatina.it/,,,
2026-05-12,Alto,70.0,Società Edile Romana,800 941 407,Lazio,Latina,http://www.societaedileromana.it/,,,
2026-05-12,Alto,65.0,Edil G di Gaetano Liguori,331 968 1952,Lazio,Latina,http://www.edilg.eu/,,,
2026-05-12,Alto,65.0,Edil Lazio SRL,0773 663672,Lazio,Latina,http://www.edillazio.it/,,,
2026-05-12,Alto,65.0,Edil Ciotti,333 461 5372,Lazio,Latina,http://edilciotti.it/,,,
2026-05-12,Alto,65.0,De Angelis Srl,0773 242002,Lazio,Latina,http://www.deangelissrl.com/,,,
2026-05-12,Alto,65.0,Tecnoteam Studio Associato D'Ingegneria,0773 480037,Lazio,Latina,http://tecnoteamlatina.it/tecnoteam/lo-studio/,,,
2026-05-12,Alto,65.0,Lamar,338 984 1543,Lazio,Latina,https://www.lamarcostruzioni.it/,,,
2026-05-12,Alto,60.0,Mele Luigi Impresa Costruzioni Generali Srl,0773 697958,Lazio,Latina,,,,
2026-05-12,Alto,60.0,ELLE COSTRUZIONI SRL,0773 149 6721,Lazio,Latina,,,,
2026-05-12,Alto,60.0,Fenice Costruzioni,0773 259717,Lazio,Latina,,,,
2026-05-12,Alto,60.0,Riccardo Costruzioni,327 094 2297,Lazio,Latina,,,,
2026-05-12,Alto,60.0,Coelme Costruzioni Elettriche E Meccaniche S.R.L.,0773 471054,Lazio,Latina,,,,
2026-05-12,Alto,60.0,G.M. Impianti Srl,0773 663395,Lazio,Latina,,,,
2026-05-12,Alto,60.0,GMF Impianti srl,0773 603181,Lazio,Latina,,,,
2026-05-12,Alto,60.0,Ristrutturazioni edili Pradissitto,339 884 5416,Lazio,Latina,,,,
2026-05-12,Alto,55.0,Alba Nuova Costruzioni Spa,0773 600580,Lazio,Latina,http://www.albanuovacostruzioni.it/,,,
2026-05-12,Alto,55.0,Edil Peg,320 302 3684,Lazio,Latina,https://www.edilpegristrutturazioni.it/content/architect/about-us.html,https://www.instagram.com/edilpeg,,
2026-05-12,Alto,55.0,E.T.I.L Società | Servizi di costruzioni e ristrutturazioni a Latina,335 146 9058,Lazio,Latina,https://icrappalti.it/,,,
2026-05-12,Alto,55.0,Canini Costruzioni Srl,0773 645168,Lazio,Latina,http://www.caninigroup.it/,,,
2026-05-12,Alto,55.0,Neroni Costruzioni. s.r.l.,0773 489748,Lazio,Latina,http://costruzionineroni.com/,,,
2026-05-12,Alto,55.0,Gruppo Baccari,0773 474203,Lazio,Latina,http://www.gruppobaccari.it/,https://www.instagram.com/gruppobaccari,https://www.linkedin.com/company/gruppo-baccari-s,
2026-05-12,Alto,55.0,MARTELLA COSTRUZIONI,335 596 1519,Lazio,Latina,http://martellacostruzioni.it/,,,
2026-05-12,Alto,55.0,Lorella Costruzioni srl,0773 620035,Lazio,Latina,http://www.lorellacostruzioni.it/,,,
2026-05-12,Alto,55.0,Energy S.r.l.,0773 280130,Lazio,Latina,,,,
2026-05-12,Alto,55.0,Tower Edilizia - flooring specialists,392 474 7830,Lazio,Latina,https://www.latinaebusiness.it/tower-edilizia,,,
2026-05-12,Alto,55.0,Toldo F.lli,0773 637057,Lazio,Latina,,,,
2026-05-14,Ottimale,100.0,Colombo Costruzioni Spa,0341 363464,Lombardia,Lecco,http://www.colombo-costruzioni.it/,,,
2026-05-14,Ottimale,100.0,Ristrutturazioni Lecco • Ad Property,0341 179 0065,Lombardia,Lecco,https://www.adproperty.it/,,,
2026-05-14,Ottimale,100.0,"Conca Pavimenti, Rivestimenti, Ristrutturazioni",0341 731118,Lombardia,Lecco,http://www.concasrl.it/,https://www.instagram.com/concasrl,https://www.linkedin.com/in/giovanni-conca-b7180746,
2026-05-14,Ottimale,100.0,Pando Costruzioni srl - Ristrutturazione e Nuove Costruzioni,331 805 4998,Lombardia,Lecco,https://www.pandocostruzioni.com/,https://www.instagram.com/pando_costruzioni,,
2026-05-14,Ottimale,100.0,EDG Ristrutturazioni,333 133 0017,Lombardia,Lecco,https://edgristrutturazioni.com/,,,
2026-05-14,Ottimale,90.0,Bianchi Costruzioni (S.R.L.),0341 230406,Lombardia,Lecco,https://bianchicostruzioni.it/,,,
2026-05-14,Ottimale,90.0,Meles Impianti Elettrici Di Massimo Petrella S.R.L.,0341 496217,Lombardia,Lecco,http://www.meles.it/,,,
2026-05-14,Ottimale,90.0,SR termoimpianti srl,0341 494498,Lombardia,Lecco,http://www.srtermoimpianti.it/,,,
2026-05-14,Ottimale,90.0,Edilizia & Finiture Srl,376 274 7956,Lombardia,Lecco,https://ediliziaefiniture.it/,https://www.instagram.com/ediliziaefinituresrl,,
2026-05-14,Ottimale,90.0,La Bergamasca Edile,347 351 6819,Lombardia,Lecco,https://www.labergamascaedile.it/,,,
2026-05-14,Ottimale,85.0,Galli Franco Sas - Materiali Edili a Lecco,0341 362529,Lombardia,Lecco,https://www.ediliziagallilecco.it/,https://www.instagram.com/galli.franco.edilizia,,
2026-05-14,Ottimale,85.0,Fratelli Ramaj,0341 286714,Lombardia,Lecco,http://www.fratelliramaj.it/,,,
2026-05-14,Ottimale,85.0,MBM OPERE EDILI di Mazzoleni Luca e C. snc,0341 504097,Lombardia,Lecco,http://www.mbmopereedili.com/,https://www.instagram.com/mbm_opere_edili,https://www.linkedin.com/in/luca-mazzoleni-8015b75b,
2026-05-14,Ottimale,85.0,Due Erre,0341 353590,Lombardia,Lecco,https://www.manutenzionelecco.it/,,,
2026-05-14,Ottimale,85.0,Invernizzi Luciano & Figli Spa | Lecco,0341 420209,Lombardia,Lecco,https://www.invernizzilecco.com/,https://www.instagram.com/invernizzi_lecco,,
2026-05-14,Ottimale,80.0,Impresa Edile Garda Quinto,0341 421179,Lombardia,Lecco,http://www.gqimpresaedile.it/,,,
2026-05-14,Ottimale,80.0,Corti Costruzioni Srl,0341 286312,Lombardia,Lecco,http://www.corti.it/,,,
2026-05-14,Ottimale,80.0,Impresa Edile C&C Srl,0341 081969,Lombardia,Lecco,https://impresacec.it/,,,
2026-05-14,Ottimale,80.0,Airoldi Edilizia,0341 243784,Lombardia,Lecco,http://www.airoldiedilizia.com/,,,
2026-05-14,Ottimale,80.0,Pianeta Edilizia,348 364 0748,Lombardia,Lecco,https://pianetaedilizia.net/,,,
2026-05-14,Ottimale,80.0,Micheli Costruzioni s.r.l di Micheli Graziano,339 103 5041,Lombardia,Lecco,https://www.michelicostruzioni.it/,,,
2026-05-14,Ottimale,80.0,Impresa Edile Giordano Srl,0341 591463,Lombardia,Lecco,https://impresaedilegiordano.com/,,,
2026-05-14,Ottimale,80.0,Impresa Edile Piazza Carlo & C. Srl,0341 980355,Lombardia,Lecco,http://www.impresapiazza.it/,,,
2026-05-14,Ottimale,80.0,Impresa Edile Riva Carlo & C.,031 657368,Lombardia,Lecco,https://impresaedilerivacarlo.it/,,,
2026-05-14,Ottimale,80.0,M. & C. Rosario S.N.C. Di Geom. Claudio & Marco Rosario Maria,0341 499170,Lombardia,Lecco,http://www.mcrosario.it/,,,
2026-05-14,Ottimale,80.0,Impresa Costruzioni Edili Losa Lorenzo & C. snc,0341 643495,Lombardia,Lecco,http://www.losalorenzocostruzioni.it/,,,
2026-05-14,Ottimale,80.0,Vassena Costruzioni Snc,0341 550488,Lombardia,Lecco,http://www.vassenacostruzioni.it/,,,
2026-05-14,Ottimale,80.0,Lario Est Edilizia,349 080 0494,Lombardia,Lecco,http://larioestedilizia.it/,,,
2026-05-14,Ottimale,80.0,Corti Costruzioni,0341 540382,Lombardia,Lecco,http://www.corti.it/,,,
2026-05-14,Ottimale,80.0,2001 Costruzioni Srl Di Sironi A.,031 855528,Lombardia,Lecco,http://www.2001costruzioni.it/azienda.html,,,
2026-05-14,Ottimale,80.0,Oliverio Costruzioni Srls,339 896 1357,Lombardia,Lecco,http://www.oliveriocostruzioni.it/,,,
2026-05-14,Ottimale,80.0,Valsecchi Costruzioni Srl,031 655370,Lombardia,Lecco,http://www.costruzionivalsecchi.it/,,,
2026-05-14,Ottimale,80.0,Aldeghi Impianti Srl,0341 284716,Lombardia,Lecco,http://www.aldeghi-impianti.it/,,,
2026-05-14,Ottimale,80.0,I.E.A. srl - Impianti elettrici,0341 367567,Lombardia,Lecco,https://www.ieasrl.com/,,https://www.linkedin.com/company/iea-impiantielettrici,
2026-05-14,Ottimale,80.0,BORGHETTI IMPIANTI,0341 169 1801,Lombardia,Lecco,https://www.borghetti-impianti.it/,,,
2026-05-14,Ottimale,80.0,EL.LE.A. Snc. Impianti Elettrici,0341 360758,Lombardia,Lecco,http://elleaimpianti.it/,,,
2026-05-14,Ottimale,80.0,Mayaplast Ristrutturazione Edile,320 276 2773,Lombardia,Lecco,https://www.mayaplast.it/,,,
2026-05-14,Ottimale,80.0,Edilizia Alta Brianza,348 475 0119,Lombardia,Lecco,https://www.ediliziaaltabrianza.it/,,,
2026-05-14,Ottimale,80.0,Materiale per edilizia lecco - Forniture Edili,039 532 0109,Lombardia,Lecco,https://www.fornitureedili.com/,https://www.instagram.com/fornitureedilibergamolecco,,
2026-05-14,Ottimale,75.0,Nuova TS&C s.r.l.,0341 188 1763,Lombardia,Lecco,http://www.tsccostruzioni.it/,,,
2026-05-14,Ottimale,75.0,L'Idraulico Srl,0341 362251,Lombardia,Lecco,http://www.lidraulicosrl.com/,https://www.instagram.com/lidraulicosrl,,
2026-05-14,Alto,70.0,Blu Costruzioni S.R.L.,0341 497162,Lombardia,Lecco,http://www.blucostruzioni.com/,,,
2026-05-14,Alto,70.0,Costruzioni Edili Sangiorgio srl,031 851474,Lombardia,Lecco,http://www.coedsangiorgio.it/,https://www.instagram.com/costruzioniedilisangiorgio,https://www.linkedin.com/company/costruzioniedilisangiorgiosrl,
2026-05-14,Alto,65.0,Impresa Pietro Carsana & C. Srl,0341 493040,Lombardia,Lecco,http://www.carsana.it/,,,
2026-05-14,Alto,65.0,CpC immobiliare srls,333 891 8423,Lombardia,Lecco,http://www.cpcimmobiliare.it/,,,
2026-05-14,Alto,65.0,Tentori Alessandro Srl,0341 286065,Lombardia,Lecco,http://www.tentorialessandro.com/,https://www.instagram.com/tentorialessandro,,
2026-05-14,Alto,65.0,Edil 2005 s.r.l.,0341 831212,Lombardia,Lecco,https://www.edil2005.it/,,,
2026-05-14,Alto,65.0,Edilpanzeri Srl,0341 541692,Lombardia,Lecco,http://www.edilpanzeri.it/,,,
2026-05-14,Alto,65.0,Villa & Spreafico srl,0341 494411,Lombardia,Lecco,https://villa-spreafico.it/,,,
2026-05-14,Alto,65.0,Contec Srl,0341 255591,Lombardia,Lecco,http://www.contecsrl.it/,,,
2026-05-14,Alto,65.0,EPS Energy Pro System | SMIT Group,0341 287840,Lombardia,Lecco,http://www.epslecco.it/,,,
2026-05-14,Alto,65.0,La Casa a Cuore,346 272 4410,Lombardia,Lecco,https://lacasaacuore.it/,https://www.instagram.com/lacasaacuore.it,https://www.linkedin.com/company/lacasaacuore,
2026-05-14,Alto,65.0,Edilmapi S.N.C.,0341 630047,Lombardia,Lecco,https://edilmapilecco.it/,,,
2026-05-14,Alto,65.0,Bonaiti srl,348 364 0748,Lombardia,Lecco,http://www.bonaitisrl.com/,https://www.instagram.com/squarespace,,
2026-05-14,Alto,60.0,Piantanida Costruzioni,0341 576095,Lombardia,Lecco,,,,
2026-05-14,Alto,60.0,Edil Lario Cad Srl Costruzioni Stradali,039 531 0722,Lombardia,Lecco,,,,
2026-05-14,Alto,60.0,Balossi Mario Costruzioni Srl,0341 285829,Lombardia,Lecco,,,,
2026-05-14,Alto,60.0,Ballabio Costruzioni Srl,338 577 7007,Lombardia,Lecco,,,,
2026-05-14,Alto,60.0,M.M.C. Costruzioni Srl,0341 450567,Lombardia,Lecco,,,,
2026-05-14,Alto,60.0,Fr.impianti Elettrici,0341 286257,Lombardia,Lecco,,,,
2026-05-14,Alto,60.0,Ri-Lan Costruzioni Edili Srl,0341 680392,Lombardia,Lecco,,,,
2026-05-14,Alto,55.0,Ristrutturazioni edili lecco - Montanelli Franco,340 770 1969,Lombardia,Lecco,https://impresaedilemontanelli.it/,,,
2026-05-14,Alto,55.0,IMPRESA BOLIS AURELIO,0341 367434,Lombardia,Lecco,,,,
2026-05-14,Alto,55.0,Gilardi Costruzioni Srl,0341 285466,Lombardia,Lecco,http://www.gilardicostruzioni.it/,,,
2026-05-14,Alto,55.0,Studio Ingegneria Impiantistica,0341 282334,Lombardia,Lecco,https://www.ingegneriaimpiantistica.it/,,,
2026-05-14,Alto,55.0,Vitali Michele Impianti Elettrici Lecco,0341 284267,Lombardia,Lecco,http://www.michelevitali.it/,,,
2026-05-15,Ottimale,100.0,Preve Costruzioni S.P.A.,0171 752601,Piemonte,Cuneo,http://www.prevecostruzioni.com/,,,
2026-05-15,Ottimale,100.0,Giuggia Costruzioni,0174 597529,Piemonte,Cuneo,http://www.giuggia.com/,,,
2026-05-15,Ottimale,100.0,Impresa Edile - RGI Costruzioni Edili Di Ruggerone Geom. Isacco,327 575 7151,Piemonte,Novara,http://www.rgicostruzioniedili.it/,,,
2026-05-15,Ottimale,100.0,Impianti W Tecnica,0321 463653,Piemonte,Novara,http://www.impiantiwtecnica.it/,,,
2026-05-15,Ottimale,100.0,Fd Impianti Srl,0321 657353,Piemonte,Novara,https://www.fd-impianti.it/,,,
2026-05-15,Ottimale,100.0,Arba Costruzioni Srl,324 909 1012,Piemonte,Novara,https://www.arbacostruzionisrl.it/,,,
2026-05-15,Ottimale,100.0,Impresa Edile De.Bo 3 S.r.l. Cristian Borghese,0321 806443,Piemonte,Novara,http://www.debo3.eu/,https://www.instagram.com/de.bo3_srl,,
2026-05-15,Ottimale,90.0,Fantino Costruzioni Spa,0171 692810,Piemonte,Cuneo,https://www.fantinospa.it/,https://www.instagram.com/fantino_costruzioni_impresa,https://www.linkedin.com/company/fantino-costruzioni-s,
2026-05-15,Ottimale,90.0,Pianfei Costruzioni,338 481 8837,Piemonte,Cuneo,http://www.pianfeicostruzioni.it/,https://www.instagram.com/pianfeicostruzionisrl,,
2026-05-15,Ottimale,90.0,Ghirardi Ristrutturazioni,335 527 0976,Piemonte,Cuneo,http://www.ghirardisrl.it/,,,
2026-05-15,Ottimale,90.0,Impresa Edile Sordello,392 581 2301,Piemonte,Cuneo,https://www.impresaedilesordello.com/?utm_source=google&utm_medium=organic&utm_campaign=mybusiness,,,
2026-05-15,Ottimale,90.0,Editel S.p.a. - Impresa di Costruzioni,0174 788100,Piemonte,Cuneo,https://www.editelspa.it/,https://www.instagram.com/editelspa,https://www.linkedin.com/company/editel-impresa-di-costruzioni,
2026-05-15,Ottimale,90.0,Ramondetti Impianti Srl,0174 585860,Piemonte,Cuneo,http://www.ramondetti.it/,,,
2026-05-15,Ottimale,90.0,Gasia Costruzioni,351 766 0080,Piemonte,Novara,https://www.gasiacostruzioni.it/,,,
2026-05-15,Ottimale,90.0,LP srl impresa edile,0321 151 2741,Piemonte,Novara,https://www.lpsrls.com/index.php,,,
2026-05-15,Ottimale,90.0,Gruppo Costruzioni Generali dal 1988,0321 183 5988,Piemonte,Novara,https://gruppocostruzionigenerali.it/?fbclid=PAAaZ0budEpYuXx_WOhND1W_SiSKAz7eg_TWt7zkVmvQB28Zz-PxMTLlY-dzQ,https://www.instagram.com/gruppocostruzionigenerali,,
2026-05-15,Ottimale,90.0,TM Impianti Elettrici Novara elettricista PRONTO INTERVENTO H24,334 242 6840,Piemonte,Novara,http://www.tmimpiantinovara.it/,,,
2026-05-15,Ottimale,90.0,Basilico Impianti Srl,0321 478166,Piemonte,Novara,https://www.basilicoimpianti.it/,https://www.instagram.com/basilico_impianti_srl,,
2026-05-15,Ottimale,90.0,Novara Impianti 3s srl,0321 466163,Piemonte,Novara,http://www.novaraimpianti.it/,,,
2026-05-15,Ottimale,85.0,"MEI Controsoffitti, cartongesso, isolamenti",328 643 8548,Piemonte,Cuneo,https://www.meicontrosoffitti.it/,https://www.instagram.com/mei_controsoffitticartongesso,,
2026-05-15,Ottimale,85.0,Giordano & C. Spa,0171 381201,Piemonte,Cuneo,https://www.giordanocompany.it/,,,
2026-05-15,Ottimale,85.0,ICOS SRL,0321 691891,Piemonte,Novara,https://icosimpresa.com/,https://www.instagram.com/icoscostruzioni,https://www.linkedin.com/company/i-co-s-s-r-l,
2026-05-15,Ottimale,85.0,GC CANTIERI SRL,0321 151 0387,Piemonte,Novara,https://www.gccantieri.com/,https://www.instagram.com/gc.chiese,,
2026-05-15,Ottimale,85.0,Impresa Cardani Francesco S.r.l.,0321 691142,Piemonte,Novara,https://www.impresacardani.it/,,,
2026-05-15,Ottimale,85.0,REM SERVICE S.R.L.S.,351 856 4995,Piemonte,Novara,https://rem-service.it/,,,
2026-05-15,Ottimale,85.0,Elettricista Novara Matteo 24H,0321 159 0078,Piemonte,Novara,http://elettricistanovaramatteo.24e.it/,,,
2026-05-15,Ottimale,85.0,Energy Systems,345 486 8658,Piemonte,Novara,http://www.energysystemsitalia.it/,https://www.instagram.com/_energy_systems,,
2026-05-15,Ottimale,85.0,Mancin S.r.l.,0321 451689,Piemonte,Novara,http://www.dittamancin.it/,,,
2026-05-15,Ottimale,85.0,La Mattonella,338 582 1581,Piemonte,Novara,https://www.lamattonellanovara.it/,,,
2026-05-15,Ottimale,85.0,Smea Commerciale,0321 694762,Piemonte,Novara,https://www.smeacommerciale.com/,,,
2026-05-15,Ottimale,85.0,HABIMAT Cameroni Materiali Edili S.p.a. SHOWROOM,0321 402130,Piemonte,Novara,https://habimat.it/un-portfolio/habimat-cameroni/,https://www.instagram.com/habimat.italia,,
2026-05-15,Ottimale,80.0,Impresa Edile Ponzo,0171 402368,Piemonte,Cuneo,http://www.impresaponzo.it/,,,
2026-05-15,Ottimale,80.0,Fantino Costruzioni (S.P.A.),0171 611481,Piemonte,Cuneo,https://www.fantinospa.it/,https://www.instagram.com/fantino_costruzioni_impresa,https://www.linkedin.com/company/fantino-costruzioni-s,
2026-05-15,Ottimale,80.0,Edilmargaria Impresa Edile,348 370 6810,Piemonte,Cuneo,http://www.edilmargaria.com/,https://www.instagram.com/edilmargaria,,
2026-05-15,Ottimale,80.0,Cuneo Edile,0171 689003,Piemonte,Cuneo,http://www.cuneocalcestruzzi.com/,,,
2026-05-15,Ottimale,80.0,Silato Costruzioni di Silato Ugo,335 546 0654,Piemonte,Cuneo,https://www.silatocostruzioni.it/,,https://www.linkedin.com/in/ugo-silato,
2026-05-15,Ottimale,80.0,La Passatore Costruzioni Srl,0171 682719,Piemonte,Cuneo,https://lapassatore.it/,,,
2026-05-15,Ottimale,80.0,Edil Costruzioni Srl,0175 72238,Piemonte,Cuneo,https://www.edilcostruzioni-cn.it/,,,
2026-05-15,Ottimale,80.0,Aimo Costruzioni,339 246 5960,Piemonte,Cuneo,https://aimocostruzioni.it/,,,
2026-05-15,Ottimale,80.0,Costamagna Costruzioni,0174 66167,Piemonte,Cuneo,http://www.costamagnacostruzioni.it/,,,
2026-05-15,Ottimale,80.0,Sola Costruzioni s.r.l.,0171 403564,Piemonte,Cuneo,http://www.solacostruzioni.it/,,,
2026-05-15,Ottimale,80.0,EsseBiEdil - Ristrutturazioni,340 781 2928,Piemonte,Cuneo,http://www.essebiedil.it/,,,
2026-05-15,Ottimale,80.0,Dutto Impianti,335 536 4378,Piemonte,Cuneo,https://duttoimpiantielettrici.it/,,,
2026-05-15,Ottimale,80.0,"Parola Impianti srl di Parola, Secchino e Tassone",348 223 2405,Piemonte,Cuneo,https://www.parolaimpianti.it/,,,
2026-05-15,Ottimale,80.0,AM IMPIANTI ELETTRICI,329 226 8323,Piemonte,Cuneo,https://www.amimpiantielettricisrl.it/,,,
2026-05-15,Ottimale,80.0,Brignone Impianti,0171 946087,Piemonte,Cuneo,http://www.brignoneimpianti.it/,,,
2026-05-15,Ottimale,80.0,Bertone Costruzioni S.r.l.,0171 734293,Piemonte,Cuneo,https://bertonecostruzioni.it/,https://www.instagram.com/bertone_costruzioni_srl,,
2026-05-15,Ottimale,80.0,Edilizia Guido - Impresa Edile,349 685 7457,Piemonte,Novara,https://www.ediliziaguido.com/,,,
2026-05-15,Ottimale,80.0,Stangalino Costruzioni S.R.L.,0321 463232,Piemonte,Novara,http://www.stangalinocostruzioni.it/,https://www.instagram.com/stangalinocostruzioni,,
2026-05-15,Ottimale,80.0,EDILE VSGM S.r.l,0321 391272,Piemonte,Novara,http://edilevsgm.it/,https://www.instagram.com/edilevsgm_srl,,
2026-05-15,Ottimale,80.0,Adler Srl - Costruzioni e Immobiliare,0321 085330,Piemonte,Novara,https://www.adlersrl.com/,https://www.instagram.com/adler_srl_novara,,
2026-05-15,Ottimale,80.0,Lochetti Costruzioni,0321 31310,Piemonte,Novara,http://www.lochetticostruzioni.it/,,,
2026-05-15,Ottimale,80.0,Frola Group Costruzioni,0321 450228,Piemonte,Novara,http://www.frolagroup.it/,https://www.instagram.com/frolagroupcostruzioni,,
2026-05-15,Ottimale,80.0,Edile 2M S.r.l.,348 420 1049,Piemonte,Novara,http://www.edile2m.it/,,,
2026-05-15,Ottimale,80.0,Costruzioni De Novara S.R.L.,0331 301549,Piemonte,Novara,https://www.costruzionidenovara.com/,,,
2026-05-15,Ottimale,80.0,LignoArt Case Prefabbricate e Bioedilizia Novara,351 830 0251,Piemonte,Novara,http://lignoart.it/,,,
2026-05-15,Ottimale,80.0,DM IMPIANTI Srlu- Termoidraulica e Condizionamento,347 178 9026,Piemonte,Novara,http://www.dmimpiantinovara.it/,https://www.instagram.com/dmimpiantinovara,,
2026-05-15,Ottimale,80.0,IDRAULICO - Novara - I.d. Impianti di Abbate Carmelo S.r.l. a socio unico,335 691 3696,Piemonte,Novara,,,,
2026-05-15,Ottimale,80.0,Amv Impianti Srls,334 674 7433,Piemonte,Novara,http://idraulicotrecate.com/,,,
2026-05-15,Ottimale,80.0,Energy Impianti di Giovanni Bruno,348 365 6478,Piemonte,Novara,https://www.energyimpiantinovara.it/,,,
2026-05-15,Ottimale,80.0,Arkè Impianti S.r.l.,0321 033914,Piemonte,Novara,http://www.arkeimpianti.it/,,,
2026-05-15,Ottimale,80.0,Petazzi Costruzioni Srl,0344 32812,Piemonte,Novara,https://www.petazzicostruzioni.com/,,,
2026-05-15,Ottimale,80.0,Edilizia&Cartongesso,327 763 6925,Piemonte,Novara,https://www.ediliziacartongessocameri.com/,,,
2026-05-15,Ottimale,75.0,Cornaglia Fratelli,0171 610756,Piemonte,Cuneo,http://www.cornagliafratelli.it/,https://www.instagram.com/cornagliafratelli,,
2026-05-15,Ottimale,75.0,Somoter,0171 266268,Piemonte,Cuneo,https://somoter.com/,,,
2026-05-15,Ottimale,75.0,Cieb Nuova Srl,0172 68216,Piemonte,Cuneo,http://www.cieb.it/,,,
2026-05-15,Ottimale,75.0,"Ghinamo Ascensori - Ascensori, Montacarichi, Piattaforme - Cuneo",0171 402093,Piemonte,Cuneo,https://www.ghinamoascensori.com/,,,
2026-05-15,Ottimale,75.0,Alpa Elettrica SRL,0175 759051,Piemonte,Cuneo,http://www.alpaelettrica.it/,,,
2026-05-15,Ottimale,75.0,Nuova Edilpernate S.r.l.,0321 517895,Piemonte,Novara,https://www.nuovaedilpernate.it/,,,
2026-05-15,Ottimale,75.0,Gruppo Serra,0321 863242,Piemonte,Novara,https://www.grupposerra.eu/,,,
2026-05-15,Ottimale,75.0,Centauro,0321 616266,Piemonte,Novara,https://www.impresacentauro.net/,,,
2026-05-15,Ottimale,75.0,Fincimec (S.P.A.),0321 691139,Piemonte,Novara,http://fincimecimpianti.com/,,https://www.linkedin.com/company/fincimec-s,
2026-05-15,Ottimale,75.0,Edificatrice Uno (Soc. Coop. R. L.),0321 399326,Piemonte,Novara,http://www.edificatriceuno.it/,,,
2026-05-15,Ottimale,75.0,Mercalli Srl,0321 622123,Piemonte,Novara,https://www.mercalliimpianti.com/,,https://www.linkedin.com/company/mercallisrl,
2026-05-15,Ottimale,75.0,Duotermica S.r.l. Novara,0321 626316,Piemonte,Novara,http://www.duotermica.it/,https://www.instagram.com/bitermica_duotermica,,
2026-05-15,Ottimale,75.0,Impresa Arlunno Carlo,0163 840130,Piemonte,Novara,https://www.arlunnocarlo.com/,,,
2026-05-15,Alto,70.0,Rittano Fabrizio Ristrutturazioni E Manutenzioni Edili,338 584 6845,Piemonte,Cuneo,https://www.rittanofabrizio.it/,,,
2026-05-15,Alto,70.0,Massucco Costruzioni Srl,800 060 303,Piemonte,Cuneo,http://www.massuccocostruzioni.com/,,,
2026-05-15,Alto,70.0,Impresa edile M & M,366 208 6685,Piemonte,Novara,,,,
2026-05-15,Alto,70.0,Impresa Edile Ndoci Dritan,328 140 6128,Piemonte,Novara,https://www.impresandoci.it/,,,
2026-05-15,Alto,65.0,I.C.E.L.S.A. S.p.a.,0171 67035,Piemonte,Cuneo,http://www.icelsacostruzionicuneo.it/,,,
2026-05-15,Alto,65.0,Cuneo Calcestruzzi,0171 689003,Piemonte,Cuneo,http://www.cuneocalcestruzzi.com/,,,
2026-05-15,Alto,65.0,Cuneo Asfalti Sas Di Rizzato Claudio & C. Impermeabilizzazioni,338 822 5885,Piemonte,Cuneo,http://www.cuneoasfalti.com/,,,
2026-05-15,Alto,65.0,Orchidea S.R.L.,339 676 4440,Piemonte,Cuneo,https://www.orchideasrl.com/,,,
2026-05-15,Alto,65.0,Cismondi Commerciale,0171 690800,Piemonte,Cuneo,http://www.cismondisas.com/,,,
2026-05-15,Alto,65.0,Edilscavi S.r.l.,0171 403368,Piemonte,Cuneo,http://www.edilscavicuneo.it/,,,
2026-05-15,Alto,65.0,Caroni S.p.a.,0171 64555,Piemonte,Cuneo,http://www.caroni.it/,,,
2026-05-15,Alto,65.0,S.M.T.,0171 689003,Piemonte,Cuneo,http://www.cuneocalcestruzzi.com/,,,
2026-05-15,Alto,65.0,Edilvetta,0174 597522,Piemonte,Cuneo,https://www.edilvetta.com/,,,
2026-05-15,Alto,65.0,Studio Tecnico Cuminetti Giorgio,347 442 0285,Piemonte,Cuneo,https://www.facebook.com/EdiliziaSuMisura,,,
2026-05-15,Alto,65.0,Decoralpi,335 833 2431,Piemonte,Cuneo,https://www.decoralpi.it/,,,
2026-05-15,Alto,65.0,Costrunet Srl,0172 86262,Piemonte,Cuneo,http://www.costrunet.com/,https://www.instagram.com/costrunet,https://www.linkedin.com/in/paolo-candellero-045a42b4,
2026-05-15,Alto,65.0,Edil Art,0321 453855,Piemonte,Novara,http://www.impresaedilart.eu/,https://www.instagram.com/edilarts.a.s,,
2026-05-15,Alto,65.0,Edil Coim,0321 390265,Piemonte,Novara,https://www.edilcoimsrl.com/,,,
2026-05-15,Alto,65.0,F.lli Di Maggio Srl,0321 650265,Piemonte,Novara,http://www.impresadimaggiosrl.com/,,,
2026-05-15,Alto,65.0,Tommy S.r.l.,0321 414148,Piemonte,Novara,https://www.tommysrl.it/,https://www.instagram.com/impresa.tommy,,
2026-05-15,Alto,65.0,Impresa Brustia Srl,0321 465450,Piemonte,Novara,http://www.impresabrustia.it/,,,
2026-05-15,Alto,65.0,Impresa Ramazzotti,0321 474161,Piemonte,Novara,http://www.impresaramazzotti.it/,,,
2026-05-15,Alto,65.0,RINOVART Srl,366 599 6663,Piemonte,Novara,http://www.rinovart.it/,,,
2026-05-15,Alto,65.0,Fabrica srl,0321 464021,Piemonte,Novara,http://fabricasrl.net/,,https://www.linkedin.com/in/fabrica-srl-00695137,
2026-05-15,Alto,65.0,Montipò Trading S.r.l.,0321 620546,Piemonte,Novara,http://www.montipo.it/,,,
2026-05-15,Alto,65.0,Notarimpresa Spa,0321 613690,Piemonte,Novara,http://www.notarimpresa.com/,,,
2026-05-15,Alto,65.0,Impresa F.I.D.E.S. S.r.l.,0321 57037,Piemonte,Novara,https://www.fides-srl.it/,,,
2026-05-15,Alto,65.0,Idronova S.r.l.,0321 659599,Piemonte,Novara,http://www.idronova.com/,,,
2026-05-15,Alto,65.0,Edilpenta'S,0321 472286,Piemonte,Novara,http://edilpentas.it/,,,
2026-05-15,Alto,65.0,Dynamis Engineering,0321 457643,Piemonte,Novara,https://dynamis.it/,,,
2026-05-15,Alto,65.0,Elettrastudio s.r.l.,0321 404381,Piemonte,Novara,http://elettrastudio.com/,,,
2026-05-15,Alto,65.0,Edil Dervishi snc,333 604 4637,Piemonte,Novara,http://www.edildervishi.it/,,,
2026-05-15,Alto,65.0,Ferraris Srl,0322 255190,Piemonte,Novara,http://www.impresaferraris.it/,,,
2026-05-15,Alto,60.0,L.C.M. Costruzioni Srl,0171 613345,Piemonte,Cuneo,,,,
2026-05-15,Alto,60.0,Bruno Paolo Impresa Edile,346 350 7254,Piemonte,Cuneo,,,,
2026-05-15,Alto,60.0,Impresa Edile Mattalia,349 446 4514,Piemonte,Cuneo,,,,
2026-05-15,Alto,60.0,I.C.E.G. Snc Impresa Costruzioni Edili Gallo Di Giuseppe Gallo & Figli,0171 681490,Piemonte,Cuneo,,,,
2026-05-15,Alto,60.0,Rosa Aurelio & C. S.A.S. - Impresa Edile Sas,0171 689519,Piemonte,Cuneo,,,,
2026-05-15,Alto,60.0,Artusio Costruzioni (S.R.L.),0171 67464,Piemonte,Cuneo,,,,
2026-05-15,Alto,60.0,Impresa di Costruzioni Colombo Geom. Arturo,0321 471330,Piemonte,Novara,,,,
2026-05-15,Alto,60.0,Lo Monaco Sebastiano - Artigiano Edile,0321 402055,Piemonte,Novara,,,,
2026-05-15,Alto,60.0,LGP Costruzioni Srl,800 774 860,Piemonte,Novara,,,,
2026-05-15,Alto,60.0,Novedil Costruzioni S.p.a. - Ditta Costruzioni Novara - Case e Ville Borgomanero,335 754 3318,Piemonte,Novara,,,,
2026-05-15,Alto,60.0,LG costruzioni ricostruzioni tinteggiatura,371 611 3866,Piemonte,Novara,,,,
2026-05-15,Alto,60.0,Aquila Impianti S.R.L.,0321 339084,Piemonte,Novara,,,,
2026-05-15,Alto,60.0,viem.impianti di visciglia,0321 477103,Piemonte,Novara,,,,
2026-05-15,Alto,60.0,AG impianti di Giacomo Addeo,388 856 8285,Piemonte,Novara,,,,
2026-05-15,Alto,60.0,Grugnetti Ezio - Impianti Elettrici Di Grugnetti Ezio,340 164 0575,Piemonte,Novara,,,,
2026-05-15,Alto,60.0,Mda Impianti Srl,02 9728 5184,Piemonte,Novara,,,,
2026-05-15,Alto,55.0,IMPRESA EDILE IMERI DI IMERI GJULIAN,351 750 0152,Piemonte,Cuneo,http://impresaedileimeri.it/,,,
2026-05-15,Alto,55.0,Nuova Edilizia Di Arch. Girello Oscar,0171 691023,Piemonte,Cuneo,http://www.nuovaediliziadigirellooscar.it/,,,
2026-05-15,Alto,55.0,REACOS - Costruzioni Generali,0171 601504,Piemonte,Cuneo,http://www.reacos.it/,,,
2026-05-15,Alto,55.0,2t Impianti Elettrici Cuneo,0171 697622,Piemonte,Cuneo,https://2teccoimpiantielettrici.com/,,,
2026-05-15,Alto,55.0,Galaverna Impianti,335 532 8117,Piemonte,Cuneo,https://www.galavernaimpianticuneo.com/,,,
2026-05-15,Alto,55.0,Impresa Petazzi,0321 391395,Piemonte,Novara,http://www.impresapetazzi.com/,,,
2026-05-15,Alto,55.0,Impresa Nuaresa Costruzioni Srl,0321 431123,Piemonte,Novara,http://www.nuaresa.it/nuaresa_it_002.htm,,,
2026-05-15,Alto,55.0,Edilizia360 srls,393 691 0112,Piemonte,Novara,https://www.welinkbuilders.it/ristrutturatore/costruttore/isolamento-termico-e-impermeabilizzazione/pavimentista/cartongesso/piastrellista/idraulico/elettricista/pittore-edile/muratore/28100-novara-italia/edilizia360-srls-48,,,
2026-05-15,Alto,55.0,Euro Eletric di Duò Alessio,0321 34291,Piemonte,Novara,,,,
2026-05-15,Alto,55.0,Impresa edile Mazzaferro Edilizia di Mazzaferro Filippo,0321 510783,Piemonte,Novara,http://www.mazzaferroedilizia.com/,,,
